{
  "type": "FeatureCollection",
  "buildingName": "JSPM_NTC_Narhe_C_Block",
  "buildingId": "JSPM-NTC-C-BLOCK",
  "georeference": {
    "latitude": 18.441308965419452,
    "longitude": 73.830780275,
    "elevationOffset": 0.0,
    "coordinateSystem": "WGS84",
    "anchorType": "existingFeatureExtent",
    "referenceNote": "Existing feature geometries are already georeferenced in WGS84. This reference describes the real-world extent of the supplied Building C geometry; no latitude/longitude coordinates were altered.",
    "localBounds": {
      "xmin": 0,
      "ymin": 0,
      "xmax": 73.83086702718391,
      "ymax": 18.441613372160298,
      "units": "metres (source floor-plan coordinates)"
    },
    "worldExtentWGS84": {
      "type": "Polygon",
      "coordinates": [
        [
          [
            73.83061647481304,
            18.440980974088998
          ],
          [
            73.83094407518695,
            18.440980974088998
          ],
          [
            73.83094407518695,
            18.44163695674991
          ],
          [
            73.83061647481304,
            18.44163695674991
          ],
          [
            73.83061647481304,
            18.440980974088998
          ]
        ]
      ]
    },
    "mapping": {
      "type": "existingWorldGeometry",
      "note": "No new affine transformation was applied; feature coordinates remain the supplied WGS84 coordinates."
    }
  },
  "localCoordinateSystem": {
    "units": "metres",
    "origin": "reference/plan origin from supplied floor-plan coordinates",
    "xAxis": "east-west (source plan coordinates)",
    "yAxis": "south-north (source plan coordinates)",
    "verticalAxis": "elevationMeters",
    "floorHeightMeters": 3.2,
    "drawingBasis": "Existing Building C floor-plan reconstruction in the supplied file."
  },
  "analysis": {
    "floorsReconstructed": 5,
    "coordinatePolicy": "Feature geometries remain in WGS84; local xMin/xMax/yMin/yMax values are retained as source plan metadata.",
    "georeferencing": "Existing WGS84 geometry retained; top-level georeference structure aligned to the JSPM NTC Narhe reference schema.",
    "surveyReference": "No independent surveyed footprint was supplied in test_c.geojson; the world extent is derived from the existing feature geometries.",
    "featureCoordinatePolicy": "Coordinates remain per feature in WGS84.",
    "note": "The real-world coordinates are source-derived. The extent is not represented as a surveyed building footprint."
  },
  "features": [
    {
      "type": "Feature",
      "geometry": {
        "type": "Polygon",
        "coordinates": [
          [
            [
              73.83084487539658,
              18.441087598755775
            ],
            [
              73.83091638004838,
              18.44110335648757
            ],
            [
              73.83094182613686,
              18.44101505369938
            ],
            [
              73.83087032148508,
              18.440999295967735
            ],
            [
              73.83084487539658,
              18.441087598755775
            ]
          ]
        ]
      },
      "properties": {
        "id": "C101",
        "displayLabel": "Fluid Mechanics Lab",
        "floorNumber": 1,
        "spaceType": "Lab",
        "role": "unit",
        "xMin": 57.38,
        "yMin": 8.5,
        "xMax": 67.32,
        "yMax": 17.07,
        "widthMeters": 9.94,
        "depthMeters": 8.57,
        "areaApproxSqm": 85.19,
        "elevationMeters": 0.0,
        "heightMeters": 3.2,
        "coordinateSystem": "WGS84",
        "visibleUnit": true,
        "placementMethod": "single-building orthogonal transform",
        "floorPlanSource": "Building C supplied floor-plan blueprint",
        "labelText": "C101 \u2014 Fluid Mechanics Lab",
        "labelVisible": true,
        "roomNumber": "C101",
        "roomName": "Fluid Mechanics Lab",
        "name": "C101 \u2014 Fluid Mechanics Lab",
        "label": "C101 \u2014 Fluid Mechanics Lab",
        "popupTitle": "C101 \u2014 Fluid Mechanics Lab",
        "tooltip": "C101 \u2014 Fluid Mechanics Lab",
        "featureClass": "building-room",
        "coordinateReference": "WGS84",
        "geometrySource": "Building C supplied floor-plan blueprint",
        "ulpin": "3D-JSPM-NTC-F01-C-BLOCK-C101",
        "unitGapMeters": 0.2,
        "unitInsetMeters": 0.1,
        "gapRendering": "actual-geometry-inset",
        "gapNote": "Unit footprint inset to create a visible separation from adjacent units; floor/elevation/height metadata unchanged.",
        "unitNumber": "C101",
        "fillColor": "#3b82f6",
        "renderColor": "#3b82f6",
        "mapFillColor": "#3b82f6",
        "wireColor": "#1d4ed8",
        "colorClass": "lab",
        "colorSource": "VolumetricViewer.getSpaceStyle"
      }
    },
    {
      "type": "Feature",
      "geometry": {
        "type": "Polygon",
        "coordinates": [
          [
            [
              73.8308184602186,
              18.441179070053426
            ],
            [
              73.83088996486974,
              18.441194827785232
            ],
            [
              73.83091541095823,
              18.441106524996215
            ],
            [
              73.8308439063071,
              18.441090767264562
            ],
            [
              73.8308184602186,
              18.441179070053426
            ]
          ]
        ]
      },
      "properties": {
        "id": "C102",
        "displayLabel": "Heat Transfer Lab",
        "floorNumber": 1,
        "spaceType": "Lab",
        "role": "unit",
        "xMin": 47.44,
        "yMin": 8.5,
        "xMax": 57.38,
        "yMax": 17.07,
        "widthMeters": 9.94,
        "depthMeters": 8.57,
        "areaApproxSqm": 85.19,
        "elevationMeters": 0.0,
        "heightMeters": 3.2,
        "coordinateSystem": "WGS84",
        "visibleUnit": true,
        "placementMethod": "single-building orthogonal transform",
        "floorPlanSource": "Building C supplied floor-plan blueprint",
        "labelText": "C102 \u2014 Heat Transfer Lab",
        "labelVisible": true,
        "roomNumber": "C102",
        "roomName": "Heat Transfer Lab",
        "name": "C102 \u2014 Heat Transfer Lab",
        "label": "C102 \u2014 Heat Transfer Lab",
        "popupTitle": "C102 \u2014 Heat Transfer Lab",
        "tooltip": "C102 \u2014 Heat Transfer Lab",
        "featureClass": "building-room",
        "coordinateReference": "WGS84",
        "geometrySource": "Building C supplied floor-plan blueprint",
        "ulpin": "3D-JSPM-NTC-F01-C-BLOCK-C102",
        "unitGapMeters": 0.2,
        "unitInsetMeters": 0.1,
        "gapRendering": "actual-geometry-inset",
        "gapNote": "Unit footprint inset to create a visible separation from adjacent units; floor/elevation/height metadata unchanged.",
        "unitNumber": "C102",
        "fillColor": "#3b82f6",
        "renderColor": "#3b82f6",
        "mapFillColor": "#3b82f6",
        "wireColor": "#1d4ed8",
        "colorClass": "lab",
        "colorSource": "VolumetricViewer.getSpaceStyle"
      }
    },
    {
      "type": "Feature",
      "geometry": {
        "type": "Polygon",
        "coordinates": [
          [
            [
              73.83079204504061,
              18.441270541351077
            ],
            [
              73.83086354969107,
              18.4412862990829
            ],
            [
              73.83088899577955,
              18.441197996293052
            ],
            [
              73.8308174911291,
              18.441182238561385
            ],
            [
              73.83079204504061,
              18.441270541351077
            ]
          ]
        ]
      },
      "properties": {
        "id": "C103",
        "displayLabel": "Sponsored EV Lab",
        "floorNumber": 1,
        "spaceType": "Lab",
        "role": "unit",
        "xMin": 37.5,
        "yMin": 8.5,
        "xMax": 47.44,
        "yMax": 17.07,
        "widthMeters": 9.94,
        "depthMeters": 8.57,
        "areaApproxSqm": 85.19,
        "elevationMeters": 0.0,
        "heightMeters": 3.2,
        "coordinateSystem": "WGS84",
        "visibleUnit": true,
        "placementMethod": "single-building orthogonal transform",
        "floorPlanSource": "Building C supplied floor-plan blueprint",
        "labelText": "C103 \u2014 Sponsored EV Lab",
        "labelVisible": true,
        "roomNumber": "C103",
        "roomName": "Sponsored EV Lab",
        "name": "C103 \u2014 Sponsored EV Lab",
        "label": "C103 \u2014 Sponsored EV Lab",
        "popupTitle": "C103 \u2014 Sponsored EV Lab",
        "tooltip": "C103 \u2014 Sponsored EV Lab",
        "featureClass": "building-room",
        "coordinateReference": "WGS84",
        "geometrySource": "Building C supplied floor-plan blueprint",
        "ulpin": "3D-JSPM-NTC-F01-C-BLOCK-C103",
        "unitGapMeters": 0.2,
        "unitInsetMeters": 0.1,
        "gapRendering": "actual-geometry-inset",
        "gapNote": "Unit footprint inset to create a visible separation from adjacent units; floor/elevation/height metadata unchanged.",
        "unitNumber": "C103",
        "fillColor": "#3b82f6",
        "renderColor": "#3b82f6",
        "mapFillColor": "#3b82f6",
        "wireColor": "#1d4ed8",
        "colorClass": "lab",
        "colorSource": "VolumetricViewer.getSpaceStyle"
      }
    },
    {
      "type": "Feature",
      "geometry": {
        "type": "Polygon",
        "coordinates": [
          [
            [
              73.8306923890817,
              18.44161552316617
            ],
            [
              73.83076421136577,
              18.441631412763506
            ],
            [
              73.8308189754083,
              18.441440628234655
            ],
            [
              73.8307471531243,
              18.44142473863749
            ],
            [
              73.8306923890817,
              18.44161552316617
            ]
          ]
        ]
      },
      "properties": {
        "id": "C104",
        "displayLabel": "Vishwakarma Workshop",
        "floorNumber": 1,
        "spaceType": "Facility",
        "role": "unit",
        "xMin": 0,
        "yMin": 8.5,
        "xMax": 21.091,
        "yMax": 17.07,
        "widthMeters": 21.091,
        "depthMeters": 8.57,
        "areaApproxSqm": 180.75,
        "elevationMeters": 0.0,
        "heightMeters": 3.2,
        "coordinateSystem": "WGS84",
        "visibleUnit": true,
        "placementMethod": "single-building orthogonal transform",
        "floorPlanSource": "Building C supplied floor-plan blueprint",
        "labelText": "C104 \u2014 Vishwakarma Workshop",
        "labelVisible": true,
        "roomNumber": "C104",
        "roomName": "Vishwakarma Workshop",
        "name": "C104 \u2014 Vishwakarma Workshop",
        "label": "C104 \u2014 Vishwakarma Workshop",
        "popupTitle": "C104 \u2014 Vishwakarma Workshop",
        "tooltip": "C104 \u2014 Vishwakarma Workshop",
        "featureClass": "building-room",
        "coordinateReference": "WGS84",
        "geometrySource": "Building C supplied floor-plan blueprint",
        "ulpin": "3D-JSPM-NTC-F01-C-BLOCK-C104",
        "unitGapMeters": 0.2,
        "unitInsetMeters": 0.1,
        "gapRendering": "actual-geometry-inset",
        "gapNote": "Unit footprint inset to create a visible separation from adjacent units; floor/elevation/height metadata unchanged.",
        "unitNumber": "C104",
        "fillColor": "#3b82f6",
        "renderColor": "#3b82f6",
        "mapFillColor": "#3b82f6",
        "wireColor": "#1e3a8a",
        "colorClass": "room",
        "colorSource": "VolumetricViewer.getSpaceStyle"
      }
    },
    {
      "type": "Feature",
      "geometry": {
        "type": "Polygon",
        "coordinates": [
          [
            [
              73.830758950452,
              18.44138538268082
            ],
            [
              73.83083019209218,
              18.441400860384533
            ],
            [
              73.83083998806089,
              18.44136734733231
            ],
            [
              73.83076874642067,
              18.441351869628754
            ],
            [
              73.830758950452,
              18.44138538268082
            ]
          ]
        ]
      },
      "properties": {
        "id": "C104A",
        "displayLabel": "Workshop Superintendent",
        "floorNumber": 1,
        "spaceType": "Facility",
        "role": "unit",
        "xMin": 25.045,
        "yMin": 8.5,
        "xMax": 29,
        "yMax": 17.07,
        "widthMeters": 3.955,
        "depthMeters": 8.57,
        "areaApproxSqm": 33.89,
        "elevationMeters": 0.0,
        "heightMeters": 3.2,
        "coordinateSystem": "WGS84",
        "visibleUnit": true,
        "placementMethod": "single-building orthogonal transform",
        "floorPlanSource": "Building C supplied floor-plan blueprint",
        "labelText": "C104A \u2014 Workshop Superintendent",
        "labelVisible": true,
        "roomNumber": "C104A",
        "roomName": "Workshop Superintendent",
        "name": "C104A \u2014 Workshop Superintendent",
        "label": "C104A \u2014 Workshop Superintendent",
        "popupTitle": "C104A \u2014 Workshop Superintendent",
        "tooltip": "C104A \u2014 Workshop Superintendent",
        "featureClass": "building-room",
        "coordinateReference": "WGS84",
        "geometrySource": "Building C supplied floor-plan blueprint",
        "ulpin": "3D-JSPM-NTC-F01-C-BLOCK-C104A",
        "unitGapMeters": 0.2,
        "unitInsetMeters": 0.1,
        "gapRendering": "actual-geometry-inset",
        "gapNote": "Unit footprint inset to create a visible separation from adjacent units; floor/elevation/height metadata unchanged.",
        "unitNumber": "C104A",
        "fillColor": "#3b82f6",
        "renderColor": "#3b82f6",
        "mapFillColor": "#3b82f6",
        "wireColor": "#1e3a8a",
        "colorClass": "room",
        "colorSource": "VolumetricViewer.getSpaceStyle"
      }
    },
    {
      "type": "Feature",
      "geometry": {
        "type": "Polygon",
        "coordinates": [
          [
            [
              73.83074844284654,
              18.441421768825442
            ],
            [
              73.83081968443395,
              18.44143724643374
            ],
            [
              73.83082947779457,
              18.44140374248578
            ],
            [
              73.83075823620715,
              18.44138826487762
            ],
            [
              73.83074844284654,
              18.441421768825442
            ]
          ]
        ]
      },
      "properties": {
        "id": "C104B",
        "displayLabel": "CNC Machine Room",
        "floorNumber": 1,
        "spaceType": "Facility",
        "role": "unit",
        "xMin": 21.091,
        "yMin": 8.5,
        "xMax": 25.045,
        "yMax": 17.07,
        "widthMeters": 3.955,
        "depthMeters": 8.57,
        "areaApproxSqm": 33.89,
        "elevationMeters": 0.0,
        "heightMeters": 3.2,
        "coordinateSystem": "WGS84",
        "visibleUnit": true,
        "placementMethod": "single-building orthogonal transform",
        "floorPlanSource": "Building C supplied floor-plan blueprint",
        "labelText": "C104B \u2014 CNC Machine Room",
        "labelVisible": true,
        "roomNumber": "C104B",
        "roomName": "CNC Machine Room",
        "name": "C104B \u2014 CNC Machine Room",
        "label": "C104B \u2014 CNC Machine Room",
        "popupTitle": "C104B \u2014 CNC Machine Room",
        "tooltip": "C104B \u2014 CNC Machine Room",
        "featureClass": "building-room",
        "coordinateReference": "WGS84",
        "geometrySource": "Building C supplied floor-plan blueprint",
        "ulpin": "3D-JSPM-NTC-F01-C-BLOCK-C104B",
        "unitGapMeters": 0.2,
        "unitInsetMeters": 0.1,
        "gapRendering": "actual-geometry-inset",
        "gapNote": "Unit footprint inset to create a visible separation from adjacent units; floor/elevation/height metadata unchanged.",
        "unitNumber": "C104B",
        "fillColor": "#3b82f6",
        "renderColor": "#3b82f6",
        "mapFillColor": "#3b82f6",
        "wireColor": "#1e3a8a",
        "colorClass": "room",
        "colorSource": "VolumetricViewer.getSpaceStyle"
      }
    },
    {
      "type": "Feature",
      "geometry": {
        "type": "Polygon",
        "coordinates": [
          [
            [
              73.83061834667117,
              18.441599425869473
            ],
            [
              73.8306682076811,
              18.44161035349482
            ],
            [
              73.83068020594709,
              18.44156894616871
            ],
            [
              73.83063034493715,
              18.44155801854346
            ],
            [
              73.83061834667117,
              18.441599425869473
            ]
          ]
        ]
      },
      "properties": {
        "id": "C105",
        "displayLabel": "Gents Toilet",
        "floorNumber": 1,
        "spaceType": "Restroom",
        "role": "unit",
        "xMin": 0,
        "yMin": 0,
        "xMax": 4.833,
        "yMax": 6.1,
        "widthMeters": 4.833,
        "depthMeters": 6.1,
        "areaApproxSqm": 29.48,
        "elevationMeters": 0.0,
        "heightMeters": 3.2,
        "coordinateSystem": "WGS84",
        "visibleUnit": true,
        "placementMethod": "single-building orthogonal transform",
        "floorPlanSource": "Building C supplied floor-plan blueprint",
        "labelText": "C105 \u2014 Gents Toilet",
        "labelVisible": true,
        "roomNumber": "C105",
        "roomName": "Gents Toilet",
        "name": "C105 \u2014 Gents Toilet",
        "label": "C105 \u2014 Gents Toilet",
        "popupTitle": "C105 \u2014 Gents Toilet",
        "tooltip": "C105 \u2014 Gents Toilet",
        "featureClass": "building-room",
        "coordinateReference": "WGS84",
        "geometrySource": "Building C supplied floor-plan blueprint",
        "ulpin": "3D-JSPM-NTC-F01-C-BLOCK-C105",
        "unitGapMeters": 0.2,
        "unitInsetMeters": 0.1,
        "gapRendering": "actual-geometry-inset",
        "gapNote": "Unit footprint inset to create a visible separation from adjacent units; floor/elevation/height metadata unchanged.",
        "unitNumber": "C105",
        "fillColor": "#ec4899",
        "renderColor": "#ec4899",
        "mapFillColor": "#ec4899",
        "wireColor": "#be185d",
        "colorClass": "restroom",
        "colorSource": "VolumetricViewer.getSpaceStyle"
      }
    },
    {
      "type": "Feature",
      "geometry": {
        "type": "Polygon",
        "coordinates": [
          [
            [
              73.8306311867435,
              18.441554756629625
            ],
            [
              73.83068153492702,
              18.44156592488488
            ],
            [
              73.83072388213199,
              18.441418007148755
            ],
            [
              73.83067353394851,
              18.441406838893624
            ],
            [
              73.8306311867435,
              18.441554756629625
            ]
          ]
        ]
      },
      "properties": {
        "id": "C106",
        "displayLabel": "Vishwakarma Workshop",
        "floorNumber": 1,
        "spaceType": "Facility",
        "role": "unit",
        "xMin": 4.833,
        "yMin": 0,
        "xMax": 21.267,
        "yMax": 6.1,
        "widthMeters": 16.433,
        "depthMeters": 6.1,
        "areaApproxSqm": 100.24,
        "elevationMeters": 0.0,
        "heightMeters": 3.2,
        "coordinateSystem": "WGS84",
        "visibleUnit": true,
        "placementMethod": "single-building orthogonal transform",
        "floorPlanSource": "Building C supplied floor-plan blueprint",
        "labelText": "C106 \u2014 Vishwakarma Workshop",
        "labelVisible": true,
        "roomNumber": "C106",
        "roomName": "Vishwakarma Workshop",
        "name": "C106 \u2014 Vishwakarma Workshop",
        "label": "C106 \u2014 Vishwakarma Workshop",
        "popupTitle": "C106 \u2014 Vishwakarma Workshop",
        "tooltip": "C106 \u2014 Vishwakarma Workshop",
        "featureClass": "building-room",
        "coordinateReference": "WGS84",
        "geometrySource": "Building C supplied floor-plan blueprint",
        "ulpin": "3D-JSPM-NTC-F01-C-BLOCK-C106",
        "unitGapMeters": 0.2,
        "unitInsetMeters": 0.1,
        "gapRendering": "actual-geometry-inset",
        "gapNote": "Unit footprint inset to create a visible separation from adjacent units; floor/elevation/height metadata unchanged.",
        "unitNumber": "C106",
        "fillColor": "#3b82f6",
        "renderColor": "#3b82f6",
        "mapFillColor": "#3b82f6",
        "wireColor": "#1e3a8a",
        "colorClass": "room",
        "colorSource": "VolumetricViewer.getSpaceStyle"
      }
    },
    {
      "type": "Feature",
      "geometry": {
        "type": "Polygon",
        "coordinates": [
          [
            [
              73.83067486077844,
              18.441403624318877
            ],
            [
              73.83072488222179,
              18.441414669672444
            ],
            [
              73.83074443099594,
              18.4413466965989
            ],
            [
              73.8306944095526,
              18.441335651245442
            ],
            [
              73.83067486077844,
              18.441403624318877
            ]
          ]
        ]
      },
      "properties": {
        "id": "C107",
        "displayLabel": "Demonstration Room",
        "floorNumber": 1,
        "spaceType": "Facility",
        "role": "unit",
        "xMin": 21.267,
        "yMin": 0,
        "xMax": 29,
        "yMax": 6.1,
        "widthMeters": 7.733,
        "depthMeters": 6.1,
        "areaApproxSqm": 47.17,
        "elevationMeters": 0.0,
        "heightMeters": 3.2,
        "coordinateSystem": "WGS84",
        "visibleUnit": true,
        "placementMethod": "single-building orthogonal transform",
        "floorPlanSource": "Building C supplied floor-plan blueprint",
        "labelText": "C107 \u2014 Demonstration Room",
        "labelVisible": true,
        "roomNumber": "C107",
        "roomName": "Demonstration Room",
        "name": "C107 \u2014 Demonstration Room",
        "label": "C107 \u2014 Demonstration Room",
        "popupTitle": "C107 \u2014 Demonstration Room",
        "tooltip": "C107 \u2014 Demonstration Room",
        "featureClass": "building-room",
        "coordinateReference": "WGS84",
        "geometrySource": "Building C supplied floor-plan blueprint",
        "ulpin": "3D-JSPM-NTC-F01-C-BLOCK-C107",
        "unitGapMeters": 0.2,
        "unitInsetMeters": 0.1,
        "gapRendering": "actual-geometry-inset",
        "gapNote": "Unit footprint inset to create a visible separation from adjacent units; floor/elevation/height metadata unchanged.",
        "unitNumber": "C107",
        "fillColor": "#3b82f6",
        "renderColor": "#3b82f6",
        "mapFillColor": "#3b82f6",
        "wireColor": "#1e3a8a",
        "colorClass": "room",
        "colorSource": "VolumetricViewer.getSpaceStyle"
      }
    },
    {
      "type": "Feature",
      "geometry": {
        "type": "Polygon",
        "coordinates": [
          [
            [
              73.83071799938486,
              18.441254243522877
            ],
            [
              73.8307680189481,
              18.441265287823075
            ],
            [
              73.83078746858696,
              18.441197663360903
            ],
            [
              73.83073744902374,
              18.441186619060833
            ],
            [
              73.83071799938486,
              18.441254243522877
            ]
          ]
        ]
      },
      "properties": {
        "id": "C108",
        "displayLabel": "Dynamics of Machinery Lab",
        "floorNumber": 1,
        "spaceType": "Lab",
        "role": "unit",
        "xMin": 37.5,
        "yMin": 0,
        "xMax": 45.195,
        "yMax": 6.1,
        "widthMeters": 7.695,
        "depthMeters": 6.1,
        "areaApproxSqm": 46.94,
        "elevationMeters": 0.0,
        "heightMeters": 3.2,
        "coordinateSystem": "WGS84",
        "visibleUnit": true,
        "placementMethod": "single-building orthogonal transform",
        "floorPlanSource": "Building C supplied floor-plan blueprint",
        "labelText": "C108 \u2014 Dynamics of Machinery Lab",
        "labelVisible": true,
        "roomNumber": "C108",
        "roomName": "Dynamics of Machinery Lab",
        "name": "C108 \u2014 Dynamics of Machinery Lab",
        "label": "C108 \u2014 Dynamics of Machinery Lab",
        "popupTitle": "C108 \u2014 Dynamics of Machinery Lab",
        "tooltip": "C108 \u2014 Dynamics of Machinery Lab",
        "featureClass": "building-room",
        "coordinateReference": "WGS84",
        "geometrySource": "Building C supplied floor-plan blueprint",
        "ulpin": "3D-JSPM-NTC-F01-C-BLOCK-C108",
        "unitGapMeters": 0.2,
        "unitInsetMeters": 0.1,
        "gapRendering": "actual-geometry-inset",
        "gapNote": "Unit footprint inset to create a visible separation from adjacent units; floor/elevation/height metadata unchanged.",
        "unitNumber": "C108",
        "fillColor": "#3b82f6",
        "renderColor": "#3b82f6",
        "mapFillColor": "#3b82f6",
        "wireColor": "#1d4ed8",
        "colorClass": "lab",
        "colorSource": "VolumetricViewer.getSpaceStyle"
      }
    },
    {
      "type": "Feature",
      "geometry": {
        "type": "Polygon",
        "coordinates": [
          [
            [
              73.83073844792948,
              18.441183395803677
            ],
            [
              73.8307885566528,
              18.44119448429214
            ],
            [
              73.83081303400742,
              18.441109190491627
            ],
            [
              73.8307629252841,
              18.441098102003274
            ],
            [
              73.83073844792948,
              18.441183395803677
            ]
          ]
        ]
      },
      "properties": {
        "id": "C109",
        "displayLabel": "Bharat Ratna J. R. D. Tata Skill Enhance Center",
        "floorNumber": 1,
        "spaceType": "Facility",
        "role": "unit",
        "xMin": 45.195,
        "yMin": 0,
        "xMax": 54.815,
        "yMax": 6.1,
        "widthMeters": 9.619,
        "depthMeters": 6.1,
        "areaApproxSqm": 58.68,
        "elevationMeters": 0.0,
        "heightMeters": 3.2,
        "coordinateSystem": "WGS84",
        "visibleUnit": true,
        "placementMethod": "single-building orthogonal transform",
        "floorPlanSource": "Building C supplied floor-plan blueprint",
        "labelText": "C109 \u2014 Bharat Ratna J. R. D. Tata Skill Enhance Center",
        "labelVisible": true,
        "roomNumber": "C109",
        "roomName": "Bharat Ratna J. R. D. Tata Skill Enhance Center",
        "name": "C109 \u2014 Bharat Ratna J. R. D. Tata Skill Enhance Center",
        "label": "C109 \u2014 Bharat Ratna J. R. D. Tata Skill Enhance Center",
        "popupTitle": "C109 \u2014 Bharat Ratna J. R. D. Tata Skill Enhance Center",
        "tooltip": "C109 \u2014 Bharat Ratna J. R. D. Tata Skill Enhance Center",
        "featureClass": "building-room",
        "coordinateReference": "WGS84",
        "geometrySource": "Building C supplied floor-plan blueprint",
        "ulpin": "3D-JSPM-NTC-F01-C-BLOCK-C109",
        "unitGapMeters": 0.2,
        "unitInsetMeters": 0.1,
        "gapRendering": "actual-geometry-inset",
        "gapNote": "Unit footprint inset to create a visible separation from adjacent units; floor/elevation/height metadata unchanged.",
        "unitNumber": "C109",
        "fillColor": "#3b82f6",
        "renderColor": "#3b82f6",
        "mapFillColor": "#3b82f6",
        "wireColor": "#1e3a8a",
        "colorClass": "room",
        "colorSource": "VolumetricViewer.getSpaceStyle"
      }
    },
    {
      "type": "Feature",
      "geometry": {
        "type": "Polygon",
        "coordinates": [
          [
            [
              73.83076401697161,
              18.441095056246816
            ],
            [
              73.83081381433963,
              18.441105913760435
            ],
            [
              73.83082325567172,
              18.44107349837117
            ],
            [
              73.83077345830365,
              18.441062640857652
            ],
            [
              73.83076401697161,
              18.441095056246816
            ]
          ]
        ]
      },
      "properties": {
        "id": "C110",
        "displayLabel": "SEC",
        "floorNumber": 1,
        "spaceType": "Facility",
        "role": "unit",
        "xMin": 54.815,
        "yMin": 0,
        "xMax": 58.663,
        "yMax": 6.1,
        "widthMeters": 3.848,
        "depthMeters": 6.1,
        "areaApproxSqm": 23.47,
        "elevationMeters": 0.0,
        "heightMeters": 3.2,
        "coordinateSystem": "WGS84",
        "visibleUnit": true,
        "placementMethod": "single-building orthogonal transform",
        "floorPlanSource": "Building C supplied floor-plan blueprint",
        "labelText": "C110 \u2014 SEC",
        "labelVisible": true,
        "roomNumber": "C110",
        "roomName": "SEC",
        "name": "C110 \u2014 SEC",
        "label": "C110 \u2014 SEC",
        "popupTitle": "C110 \u2014 SEC",
        "tooltip": "C110 \u2014 SEC",
        "featureClass": "building-room",
        "coordinateReference": "WGS84",
        "geometrySource": "Building C supplied floor-plan blueprint",
        "ulpin": "3D-JSPM-NTC-F01-C-BLOCK-C110",
        "unitGapMeters": 0.2,
        "unitInsetMeters": 0.1,
        "gapRendering": "actual-geometry-inset",
        "gapNote": "Unit footprint inset to create a visible separation from adjacent units; floor/elevation/height metadata unchanged.",
        "unitNumber": "C110",
        "fillColor": "#3b82f6",
        "renderColor": "#3b82f6",
        "mapFillColor": "#3b82f6",
        "wireColor": "#1e3a8a",
        "colorClass": "room",
        "colorSource": "VolumetricViewer.getSpaceStyle"
      }
    },
    {
      "type": "Feature",
      "geometry": {
        "type": "Polygon",
        "coordinates": [
          [
            [
              73.83077424288945,
              18.44105964569659
            ],
            [
              73.8308240401904,
              18.441070503125374
            ],
            [
              73.83083347892865,
              18.441038096851113
            ],
            [
              73.8307836816277,
              18.441027239422425
            ],
            [
              73.83077424288945,
              18.44105964569659
            ]
          ]
        ]
      },
      "properties": {
        "id": "C111",
        "displayLabel": "Skill Enhance Centre",
        "floorNumber": 1,
        "spaceType": "Facility",
        "role": "unit",
        "xMin": 58.663,
        "yMin": 0,
        "xMax": 62.51,
        "yMax": 6.1,
        "widthMeters": 3.848,
        "depthMeters": 6.1,
        "areaApproxSqm": 23.47,
        "elevationMeters": 0.0,
        "heightMeters": 3.2,
        "coordinateSystem": "WGS84",
        "visibleUnit": true,
        "placementMethod": "single-building orthogonal transform",
        "floorPlanSource": "Building C supplied floor-plan blueprint",
        "labelText": "C111 \u2014 Skill Enhance Centre",
        "labelVisible": true,
        "roomNumber": "C111",
        "roomName": "Skill Enhance Centre",
        "name": "C111 \u2014 Skill Enhance Centre",
        "label": "C111 \u2014 Skill Enhance Centre",
        "popupTitle": "C111 \u2014 Skill Enhance Centre",
        "tooltip": "C111 \u2014 Skill Enhance Centre",
        "featureClass": "building-room",
        "coordinateReference": "WGS84",
        "geometrySource": "Building C supplied floor-plan blueprint",
        "ulpin": "3D-JSPM-NTC-F01-C-BLOCK-C111",
        "unitGapMeters": 0.2,
        "unitInsetMeters": 0.1,
        "gapRendering": "actual-geometry-inset",
        "gapNote": "Unit footprint inset to create a visible separation from adjacent units; floor/elevation/height metadata unchanged.",
        "unitNumber": "C111",
        "fillColor": "#3b82f6",
        "renderColor": "#3b82f6",
        "mapFillColor": "#3b82f6",
        "wireColor": "#1e3a8a",
        "colorClass": "room",
        "colorSource": "VolumetricViewer.getSpaceStyle"
      }
    },
    {
      "type": "Feature",
      "geometry": {
        "type": "Polygon",
        "coordinates": [
          [
            [
              73.83078446468475,
              18.441024188474742
            ],
            [
              73.83083432427316,
              18.441035114720712
            ],
            [
              73.83084626278718,
              18.440993917631403
            ],
            [
              73.83079640319875,
              18.440982991385546
            ],
            [
              73.83078446468475,
              18.441024188474742
            ]
          ]
        ]
      },
      "properties": {
        "id": "C112",
        "displayLabel": "Ladies Toilet",
        "floorNumber": 1,
        "spaceType": "Restroom",
        "role": "unit",
        "xMin": 62.51,
        "yMin": 0,
        "xMax": 67.32,
        "yMax": 6.1,
        "widthMeters": 4.81,
        "depthMeters": 6.1,
        "areaApproxSqm": 29.34,
        "elevationMeters": 0.0,
        "heightMeters": 3.2,
        "coordinateSystem": "WGS84",
        "visibleUnit": true,
        "placementMethod": "single-building orthogonal transform",
        "floorPlanSource": "Building C supplied floor-plan blueprint",
        "labelText": "C112 \u2014 Ladies Toilet",
        "labelVisible": true,
        "roomNumber": "C112",
        "roomName": "Ladies Toilet",
        "name": "C112 \u2014 Ladies Toilet",
        "label": "C112 \u2014 Ladies Toilet",
        "popupTitle": "C112 \u2014 Ladies Toilet",
        "tooltip": "C112 \u2014 Ladies Toilet",
        "featureClass": "building-room",
        "coordinateReference": "WGS84",
        "geometrySource": "Building C supplied floor-plan blueprint",
        "ulpin": "3D-JSPM-NTC-F01-C-BLOCK-C112",
        "unitGapMeters": 0.2,
        "unitInsetMeters": 0.1,
        "gapRendering": "actual-geometry-inset",
        "gapNote": "Unit footprint inset to create a visible separation from adjacent units; floor/elevation/height metadata unchanged.",
        "unitNumber": "C112",
        "fillColor": "#ec4899",
        "renderColor": "#ec4899",
        "mapFillColor": "#ec4899",
        "wireColor": "#be185d",
        "colorClass": "restroom",
        "colorSource": "VolumetricViewer.getSpaceStyle"
      }
    },
    {
      "type": "Feature",
      "geometry": {
        "type": "Polygon",
        "coordinates": [
          [
            [
              73.8306633052277,
              18.44163042919438
            ],
            [
              73.83068218513924,
              18.441635899702334
            ],
            [
              73.83068974977765,
              18.441614570750215
            ],
            [
              73.83066971685545,
              18.441609057101925
            ],
            [
              73.8306633052277,
              18.44163042919438
            ]
          ]
        ]
      },
      "properties": {
        "id": "F1-LIFT",
        "displayLabel": "Lift",
        "floorNumber": 1,
        "spaceType": "Lift",
        "role": "vertical-circulation",
        "xMin": 64.72,
        "yMin": 6.7,
        "xMax": 67.32,
        "yMax": 10.9,
        "widthMeters": 2.6,
        "depthMeters": 4.2,
        "areaApproxSqm": 10.92,
        "elevationMeters": 0.0,
        "heightMeters": 3.2,
        "coordinateSystem": "WGS84",
        "visibleUnit": true,
        "placementMethod": "single-building orthogonal transform",
        "floorPlanSource": "Building C supplied floor-plan blueprint",
        "name": "Lift",
        "label": "Lift",
        "labelText": "Lift",
        "popupTitle": "Lift",
        "tooltip": "Lift",
        "featureClass": "building-circulation",
        "coordinateReference": "WGS84",
        "geometrySource": "Building C supplied floor-plan blueprint",
        "ulpin": "3D-JSPM-NTC-F01-C-BLOCK-F1-LIFT",
        "unitNumber": "F1-LIFT",
        "fillColor": "#06b6d4",
        "renderColor": "#06b6d4",
        "mapFillColor": "#06b6d4",
        "wireColor": "#0e7490",
        "colorClass": "lift",
        "colorSource": "VolumetricViewer.getSpaceStyle",
        "unitGapMeters": 0.2,
        "unitInsetMeters": 0.1,
        "gapRendering": "actual-geometry-inset"
      }
    },
    {
      "type": "Feature",
      "geometry": {
        "type": "Polygon",
        "coordinates": [
          [
            [
              73.83069598329281,
              18.44132837677788
            ],
            [
              73.83074736994955,
              18.44133967701823
            ],
            [
              73.83076815457865,
              18.441267703360875
            ],
            [
              73.8307167679219,
              18.441256403120615
            ],
            [
              73.83069598329281,
              18.44132837677788
            ]
          ]
        ]
      },
      "properties": {
        "id": "F1-STAIRS-C",
        "displayLabel": "Central Stair",
        "floorNumber": 1,
        "spaceType": "Stairs",
        "role": "vertical-circulation",
        "xMin": 29.5,
        "yMin": 0,
        "xMax": 37.5,
        "yMax": 6.1,
        "widthMeters": 8,
        "depthMeters": 6.1,
        "areaApproxSqm": 48.8,
        "elevationMeters": 0.0,
        "heightMeters": 3.2,
        "coordinateSystem": "WGS84",
        "visibleUnit": true,
        "placementMethod": "single-building orthogonal transform",
        "floorPlanSource": "Building C supplied floor-plan blueprint",
        "name": "Central Stair",
        "label": "Central Stair",
        "labelText": "Central Stair",
        "popupTitle": "Central Stair",
        "tooltip": "Central Stair",
        "featureClass": "building-circulation",
        "coordinateReference": "WGS84",
        "geometrySource": "Building C supplied floor-plan blueprint",
        "ulpin": "3D-JSPM-NTC-F01-C-BLOCK-F1-STAIRS-C",
        "unitNumber": "F1-STAIRS-C",
        "fillColor": "#f97316",
        "renderColor": "#f97316",
        "mapFillColor": "#f97316",
        "wireColor": "#c2410c",
        "colorClass": "stairs",
        "colorSource": "VolumetricViewer.getSpaceStyle",
        "unitGapMeters": 0.2,
        "unitInsetMeters": 0.1,
        "gapRendering": "actual-geometry-inset"
      }
    },
    {
      "type": "Feature",
      "geometry": {
        "type": "Polygon",
        "coordinates": [
          [
            [
              73.83085724632005,
              18.441042638825095
            ],
            [
              73.83093014961277,
              18.441058670705416
            ],
            [
              73.83094296185334,
              18.441014304081847
            ],
            [
              73.8308700585606,
              18.440998272201668
            ],
            [
              73.83085724632005,
              18.441042638825095
            ]
          ]
        ]
      },
      "properties": {
        "id": "F1-STAIRS-E",
        "displayLabel": "East Stair",
        "floorNumber": 1,
        "spaceType": "Stairs",
        "role": "vertical-circulation",
        "xMin": 62.32,
        "yMin": 8.5,
        "xMax": 67.32,
        "yMax": 17.07,
        "widthMeters": 5,
        "depthMeters": 8.57,
        "areaApproxSqm": 42.85,
        "elevationMeters": 0.0,
        "heightMeters": 3.2,
        "coordinateSystem": "WGS84",
        "visibleUnit": true,
        "placementMethod": "single-building orthogonal transform",
        "floorPlanSource": "Building C supplied floor-plan blueprint",
        "name": "East Stair",
        "label": "East Stair",
        "labelText": "East Stair",
        "popupTitle": "East Stair",
        "tooltip": "East Stair",
        "featureClass": "building-circulation",
        "coordinateReference": "WGS84",
        "geometrySource": "Building C supplied floor-plan blueprint",
        "ulpin": "3D-JSPM-NTC-F01-C-BLOCK-F1-STAIRS-E",
        "unitNumber": "F1-STAIRS-E",
        "fillColor": "#f97316",
        "renderColor": "#f97316",
        "mapFillColor": "#f97316",
        "wireColor": "#c2410c",
        "colorClass": "stairs",
        "colorSource": "VolumetricViewer.getSpaceStyle",
        "unitGapMeters": 0.2,
        "unitInsetMeters": 0.1,
        "gapRendering": "actual-geometry-inset"
      }
    },
    {
      "type": "Feature",
      "geometry": {
        "type": "Polygon",
        "coordinates": [
          [
            [
              73.83069163324997,
              18.441616128892477
            ],
            [
              73.83076453654311,
              18.441632160772887
            ],
            [
              73.83077734878522,
              18.441587794144095
            ],
            [
              73.83070444549205,
              18.441571762263845
            ],
            [
              73.83069163324997,
              18.441616128892477
            ]
          ]
        ]
      },
      "properties": {
        "id": "F1-STAIRS-W",
        "displayLabel": "West Stair",
        "floorNumber": 1,
        "spaceType": "Stairs",
        "role": "vertical-circulation",
        "xMin": 0,
        "yMin": 8.5,
        "xMax": 5,
        "yMax": 17.07,
        "widthMeters": 5,
        "depthMeters": 8.57,
        "areaApproxSqm": 42.85,
        "elevationMeters": 0.0,
        "heightMeters": 3.2,
        "coordinateSystem": "WGS84",
        "visibleUnit": true,
        "placementMethod": "single-building orthogonal transform",
        "floorPlanSource": "Building C supplied floor-plan blueprint",
        "name": "West Stair",
        "label": "West Stair",
        "labelText": "West Stair",
        "popupTitle": "West Stair",
        "tooltip": "West Stair",
        "featureClass": "building-circulation",
        "coordinateReference": "WGS84",
        "geometrySource": "Building C supplied floor-plan blueprint",
        "ulpin": "3D-JSPM-NTC-F01-C-BLOCK-F1-STAIRS-W",
        "unitNumber": "F1-STAIRS-W",
        "fillColor": "#f97316",
        "renderColor": "#f97316",
        "mapFillColor": "#f97316",
        "wireColor": "#c2410c",
        "colorClass": "stairs",
        "colorSource": "VolumetricViewer.getSpaceStyle",
        "unitGapMeters": 0.2,
        "unitInsetMeters": 0.1,
        "gapRendering": "actual-geometry-inset"
      }
    },
    {
      "type": "Feature",
      "geometry": {
        "type": "Polygon",
        "coordinates": [
          [
            [
              73.83063163156068,
              18.441553304139802
            ],
            [
              73.83068168726258,
              18.441564367695285
            ],
            [
              73.83070309178112,
              18.441489870383645
            ],
            [
              73.83065303607923,
              18.44147880682827
            ],
            [
              73.83063163156068,
              18.441553304139802
            ]
          ]
        ]
      },
      "properties": {
        "id": "C201",
        "displayLabel": "Class Room",
        "floorNumber": 2,
        "spaceType": "Classroom",
        "role": "unit",
        "xMin": 5,
        "yMin": 0,
        "xMax": 13.444,
        "yMax": 6.1,
        "widthMeters": 8.444,
        "depthMeters": 6.1,
        "areaApproxSqm": 51.51,
        "elevationMeters": 3.2,
        "heightMeters": 3.2,
        "coordinateSystem": "WGS84",
        "visibleUnit": true,
        "placementMethod": "single-building orthogonal transform",
        "floorPlanSource": "Building C supplied floor-plan blueprint",
        "labelText": "C201 \u2014 Class Room",
        "labelVisible": true,
        "roomNumber": "C201",
        "roomName": "Class Room",
        "name": "C201 \u2014 Class Room",
        "label": "C201 \u2014 Class Room",
        "popupTitle": "C201 \u2014 Class Room",
        "tooltip": "C201 \u2014 Class Room",
        "featureClass": "building-room",
        "coordinateReference": "WGS84",
        "geometrySource": "Building C supplied floor-plan blueprint",
        "ulpin": "3D-JSPM-NTC-F02-C-BLOCK-C201",
        "unitGapMeters": 0.2,
        "unitInsetMeters": 0.1,
        "gapRendering": "actual-geometry-inset",
        "gapNote": "Unit footprint inset to create a visible separation from adjacent units; floor/elevation/height metadata unchanged.",
        "unitNumber": "C201",
        "fillColor": "#3b82f6",
        "renderColor": "#3b82f6",
        "mapFillColor": "#3b82f6",
        "wireColor": "#1e3a8a",
        "colorClass": "room",
        "colorSource": "VolumetricViewer.getSpaceStyle"
      }
    },
    {
      "type": "Feature",
      "geometry": {
        "type": "Polygon",
        "coordinates": [
          [
            [
              73.83065407117498,
              18.441475599567685
            ],
            [
              73.8307041268305,
              18.44148666309943
            ],
            [
              73.83072552873787,
              18.44141217496655
            ],
            [
              73.8306754730824,
              18.44140111143492
            ],
            [
              73.83065407117498,
              18.441475599567685
            ]
          ]
        ]
      },
      "properties": {
        "id": "C202",
        "displayLabel": "Class Room",
        "floorNumber": 2,
        "spaceType": "Classroom",
        "role": "unit",
        "xMin": 13.444,
        "yMin": 0,
        "xMax": 21.887,
        "yMax": 6.1,
        "widthMeters": 8.444,
        "depthMeters": 6.1,
        "areaApproxSqm": 51.51,
        "elevationMeters": 3.2,
        "heightMeters": 3.2,
        "coordinateSystem": "WGS84",
        "visibleUnit": true,
        "placementMethod": "single-building orthogonal transform",
        "floorPlanSource": "Building C supplied floor-plan blueprint",
        "labelText": "C202 \u2014 Class Room",
        "labelVisible": true,
        "roomNumber": "C202",
        "roomName": "Class Room",
        "name": "C202 \u2014 Class Room",
        "label": "C202 \u2014 Class Room",
        "popupTitle": "C202 \u2014 Class Room",
        "tooltip": "C202 \u2014 Class Room",
        "featureClass": "building-room",
        "coordinateReference": "WGS84",
        "geometrySource": "Building C supplied floor-plan blueprint",
        "ulpin": "3D-JSPM-NTC-F02-C-BLOCK-C202",
        "unitGapMeters": 0.2,
        "unitInsetMeters": 0.1,
        "gapRendering": "actual-geometry-inset",
        "gapNote": "Unit footprint inset to create a visible separation from adjacent units; floor/elevation/height metadata unchanged.",
        "unitNumber": "C202",
        "fillColor": "#3b82f6",
        "renderColor": "#3b82f6",
        "mapFillColor": "#3b82f6",
        "wireColor": "#1e3a8a",
        "colorClass": "room",
        "colorSource": "VolumetricViewer.getSpaceStyle"
      }
    },
    {
      "type": "Feature",
      "geometry": {
        "type": "Polygon",
        "coordinates": [
          [
            [
              73.83067650824883,
              18.441397910606568
            ],
            [
              73.83072654850918,
              18.441408966180944
            ],
            [
              73.83074710455975,
              18.441337451467568
            ],
            [
              73.8306970642994,
              18.441326395893295
            ],
            [
              73.83067650824883,
              18.441397910606568
            ]
          ]
        ]
      },
      "properties": {
        "id": "C203",
        "displayLabel": "Smart Class Room",
        "floorNumber": 2,
        "spaceType": "Classroom",
        "role": "unit",
        "xMin": 21.887,
        "yMin": 0,
        "xMax": 30.006,
        "yMax": 6.1,
        "widthMeters": 8.119,
        "depthMeters": 6.1,
        "areaApproxSqm": 49.53,
        "elevationMeters": 3.2,
        "heightMeters": 3.2,
        "coordinateSystem": "WGS84",
        "visibleUnit": true,
        "placementMethod": "single-building orthogonal transform",
        "floorPlanSource": "Building C supplied floor-plan blueprint",
        "labelText": "C203 \u2014 Smart Class Room",
        "labelVisible": true,
        "roomNumber": "C203",
        "roomName": "Smart Class Room",
        "name": "C203 \u2014 Smart Class Room",
        "label": "C203 \u2014 Smart Class Room",
        "popupTitle": "C203 \u2014 Smart Class Room",
        "tooltip": "C203 \u2014 Smart Class Room",
        "featureClass": "building-room",
        "coordinateReference": "WGS84",
        "geometrySource": "Building C supplied floor-plan blueprint",
        "ulpin": "3D-JSPM-NTC-F02-C-BLOCK-C203",
        "unitGapMeters": 0.2,
        "unitInsetMeters": 0.1,
        "gapRendering": "actual-geometry-inset",
        "gapNote": "Unit footprint inset to create a visible separation from adjacent units; floor/elevation/height metadata unchanged.",
        "unitNumber": "C203",
        "fillColor": "#3b82f6",
        "renderColor": "#3b82f6",
        "mapFillColor": "#3b82f6",
        "wireColor": "#1e3a8a",
        "colorClass": "room",
        "colorSource": "VolumetricViewer.getSpaceStyle"
      }
    },
    {
      "type": "Feature",
      "geometry": {
        "type": "Polygon",
        "coordinates": [
          [
            [
              73.83069808454016,
              18.44132321498587
            ],
            [
              73.83074808464245,
              18.44133424803148
            ],
            [
              73.83076652494408,
              18.441270173341056
            ],
            [
              73.8307165248418,
              18.441259140295575
            ],
            [
              73.83069808454016,
              18.44132321498587
            ]
          ]
        ]
      },
      "properties": {
        "id": "C204",
        "displayLabel": "HOD Cabin AIDS",
        "floorNumber": 2,
        "spaceType": "Office",
        "role": "unit",
        "xMin": 30.006,
        "yMin": 0,
        "xMax": 37.314,
        "yMax": 6.1,
        "widthMeters": 7.307,
        "depthMeters": 6.1,
        "areaApproxSqm": 44.57,
        "elevationMeters": 3.2,
        "heightMeters": 3.2,
        "coordinateSystem": "WGS84",
        "visibleUnit": true,
        "placementMethod": "single-building orthogonal transform",
        "floorPlanSource": "Building C supplied floor-plan blueprint",
        "labelText": "C204 \u2014 HOD Cabin AIDS",
        "labelVisible": true,
        "roomNumber": "C204",
        "roomName": "HOD Cabin AIDS",
        "name": "C204 \u2014 HOD Cabin AIDS",
        "label": "C204 \u2014 HOD Cabin AIDS",
        "popupTitle": "C204 \u2014 HOD Cabin AIDS",
        "tooltip": "C204 \u2014 HOD Cabin AIDS",
        "featureClass": "building-room",
        "coordinateReference": "WGS84",
        "geometrySource": "Building C supplied floor-plan blueprint",
        "ulpin": "3D-JSPM-NTC-F02-C-BLOCK-C204",
        "unitGapMeters": 0.2,
        "unitInsetMeters": 0.1,
        "gapRendering": "actual-geometry-inset",
        "gapNote": "Unit footprint inset to create a visible separation from adjacent units; floor/elevation/height metadata unchanged.",
        "unitNumber": "C204",
        "fillColor": "#10b981",
        "renderColor": "#10b981",
        "mapFillColor": "#10b981",
        "wireColor": "#047857",
        "colorClass": "office",
        "colorSource": "VolumetricViewer.getSpaceStyle"
      }
    },
    {
      "type": "Feature",
      "geometry": {
        "type": "Polygon",
        "coordinates": [
          [
            [
              73.83071750480661,
              18.441255939620515
            ],
            [
              73.83076756046366,
              18.44126700315221
            ],
            [
              73.83078896237117,
              18.441192515021328
            ],
            [
              73.83073890671415,
              18.44118145148974
            ],
            [
              73.83071750480661,
              18.441255939620515
            ]
          ]
        ]
      },
      "properties": {
        "id": "C205",
        "displayLabel": "Class Room",
        "floorNumber": 2,
        "spaceType": "Classroom",
        "role": "unit",
        "xMin": 37.314,
        "yMin": 0,
        "xMax": 45.757,
        "yMax": 6.1,
        "widthMeters": 8.444,
        "depthMeters": 6.1,
        "areaApproxSqm": 51.51,
        "elevationMeters": 3.2,
        "heightMeters": 3.2,
        "coordinateSystem": "WGS84",
        "visibleUnit": true,
        "placementMethod": "single-building orthogonal transform",
        "floorPlanSource": "Building C supplied floor-plan blueprint",
        "labelText": "C205 \u2014 Class Room",
        "labelVisible": true,
        "roomNumber": "C205",
        "roomName": "Class Room",
        "name": "C205 \u2014 Class Room",
        "label": "C205 \u2014 Class Room",
        "popupTitle": "C205 \u2014 Class Room",
        "tooltip": "C205 \u2014 Class Room",
        "featureClass": "building-room",
        "coordinateReference": "WGS84",
        "geometrySource": "Building C supplied floor-plan blueprint",
        "ulpin": "3D-JSPM-NTC-F02-C-BLOCK-C205",
        "unitGapMeters": 0.2,
        "unitInsetMeters": 0.1,
        "gapRendering": "actual-geometry-inset",
        "gapNote": "Unit footprint inset to create a visible separation from adjacent units; floor/elevation/height metadata unchanged.",
        "unitNumber": "C205",
        "fillColor": "#3b82f6",
        "renderColor": "#3b82f6",
        "mapFillColor": "#3b82f6",
        "wireColor": "#1e3a8a",
        "colorClass": "room",
        "colorSource": "VolumetricViewer.getSpaceStyle"
      }
    },
    {
      "type": "Feature",
      "geometry": {
        "type": "Polygon",
        "coordinates": [
          [
            [
              73.83073994176277,
              18.441178244212388
            ],
            [
              73.83078999746735,
              18.441189307767825
            ],
            [
              73.83081140198605,
              18.4411148104596
            ],
            [
              73.83076134628152,
              18.441103746904254
            ],
            [
              73.83073994176277,
              18.441178244212388
            ]
          ]
        ]
      },
      "properties": {
        "id": "C206",
        "displayLabel": "AIDS Lab",
        "floorNumber": 2,
        "spaceType": "Lab",
        "role": "unit",
        "xMin": 45.757,
        "yMin": 0,
        "xMax": 54.201,
        "yMax": 6.1,
        "widthMeters": 8.444,
        "depthMeters": 6.1,
        "areaApproxSqm": 51.51,
        "elevationMeters": 3.2,
        "heightMeters": 3.2,
        "coordinateSystem": "WGS84",
        "visibleUnit": true,
        "placementMethod": "single-building orthogonal transform",
        "floorPlanSource": "Building C supplied floor-plan blueprint",
        "labelText": "C206 \u2014 AIDS Lab",
        "labelVisible": true,
        "roomNumber": "C206",
        "roomName": "AIDS Lab",
        "name": "C206 \u2014 AIDS Lab",
        "label": "C206 \u2014 AIDS Lab",
        "popupTitle": "C206 \u2014 AIDS Lab",
        "tooltip": "C206 \u2014 AIDS Lab",
        "featureClass": "building-room",
        "coordinateReference": "WGS84",
        "geometrySource": "Building C supplied floor-plan blueprint",
        "ulpin": "3D-JSPM-NTC-F02-C-BLOCK-C206",
        "unitGapMeters": 0.2,
        "unitInsetMeters": 0.1,
        "gapRendering": "actual-geometry-inset",
        "gapNote": "Unit footprint inset to create a visible separation from adjacent units; floor/elevation/height metadata unchanged.",
        "unitNumber": "C206",
        "fillColor": "#3b82f6",
        "renderColor": "#3b82f6",
        "mapFillColor": "#3b82f6",
        "wireColor": "#1d4ed8",
        "colorClass": "lab",
        "colorSource": "VolumetricViewer.getSpaceStyle"
      }
    },
    {
      "type": "Feature",
      "geometry": {
        "type": "Polygon",
        "coordinates": [
          [
            [
              73.8307623814944,
              18.441100546068093
            ],
            [
              73.8308124217569,
              18.441111601642447
            ],
            [
              73.8308329778076,
              18.441040086931768
            ],
            [
              73.83078293754514,
              18.441029031357537
            ],
            [
              73.8307623814944,
              18.441100546068093
            ]
          ]
        ]
      },
      "properties": {
        "id": "C207",
        "displayLabel": "AIDS Lab",
        "floorNumber": 2,
        "spaceType": "Lab",
        "role": "unit",
        "xMin": 54.201,
        "yMin": 0,
        "xMax": 62.32,
        "yMax": 6.1,
        "widthMeters": 8.119,
        "depthMeters": 6.1,
        "areaApproxSqm": 49.53,
        "elevationMeters": 3.2,
        "heightMeters": 3.2,
        "coordinateSystem": "WGS84",
        "visibleUnit": true,
        "placementMethod": "single-building orthogonal transform",
        "floorPlanSource": "Building C supplied floor-plan blueprint",
        "labelText": "C207 \u2014 AIDS Lab",
        "labelVisible": true,
        "roomNumber": "C207",
        "roomName": "AIDS Lab",
        "name": "C207 \u2014 AIDS Lab",
        "label": "C207 \u2014 AIDS Lab",
        "popupTitle": "C207 \u2014 AIDS Lab",
        "tooltip": "C207 \u2014 AIDS Lab",
        "featureClass": "building-room",
        "coordinateReference": "WGS84",
        "geometrySource": "Building C supplied floor-plan blueprint",
        "ulpin": "3D-JSPM-NTC-F02-C-BLOCK-C207",
        "unitGapMeters": 0.2,
        "unitInsetMeters": 0.1,
        "gapRendering": "actual-geometry-inset",
        "gapNote": "Unit footprint inset to create a visible separation from adjacent units; floor/elevation/height metadata unchanged.",
        "unitNumber": "C207",
        "fillColor": "#3b82f6",
        "renderColor": "#3b82f6",
        "mapFillColor": "#3b82f6",
        "wireColor": "#1d4ed8",
        "colorClass": "lab",
        "colorSource": "VolumetricViewer.getSpaceStyle"
      }
    },
    {
      "type": "Feature",
      "geometry": {
        "type": "Polygon",
        "coordinates": [
          [
            [
              73.83085435878802,
              18.441054859723252
            ],
            [
              73.83092571794845,
              18.44107049981075
            ],
            [
              73.83094182457201,
              18.441014910929812
            ],
            [
              73.83087046541159,
              18.440999270842465
            ],
            [
              73.83085435878802,
              18.441054859723252
            ]
          ]
        ]
      },
      "properties": {
        "id": "C208",
        "displayLabel": "Gents Toilet",
        "floorNumber": 2,
        "spaceType": "Restroom",
        "role": "unit",
        "xMin": 60.948,
        "yMin": 8.5,
        "xMax": 67.32,
        "yMax": 17.07,
        "widthMeters": 6.372,
        "depthMeters": 8.57,
        "areaApproxSqm": 54.61,
        "elevationMeters": 3.2,
        "heightMeters": 3.2,
        "coordinateSystem": "WGS84",
        "visibleUnit": true,
        "placementMethod": "single-building orthogonal transform",
        "floorPlanSource": "Building C supplied floor-plan blueprint",
        "labelText": "C208 \u2014 Gents Toilet",
        "labelVisible": true,
        "roomNumber": "C208",
        "roomName": "Gents Toilet",
        "name": "C208 \u2014 Gents Toilet",
        "label": "C208 \u2014 Gents Toilet",
        "popupTitle": "C208 \u2014 Gents Toilet",
        "tooltip": "C208 \u2014 Gents Toilet",
        "featureClass": "building-room",
        "coordinateReference": "WGS84",
        "geometrySource": "Building C supplied floor-plan blueprint",
        "ulpin": "3D-JSPM-NTC-F02-C-BLOCK-C208",
        "unitGapMeters": 0.2,
        "unitInsetMeters": 0.1,
        "gapRendering": "actual-geometry-inset",
        "gapNote": "Unit footprint inset to create a visible separation from adjacent units; floor/elevation/height metadata unchanged.",
        "unitNumber": "C208",
        "fillColor": "#ec4899",
        "renderColor": "#ec4899",
        "mapFillColor": "#ec4899",
        "wireColor": "#be185d",
        "colorClass": "restroom",
        "colorSource": "VolumetricViewer.getSpaceStyle"
      }
    },
    {
      "type": "Feature",
      "geometry": {
        "type": "Polygon",
        "coordinates": [
          [
            [
              73.83084081478087,
              18.441101821812108
            ],
            [
              73.8309121141753,
              18.441117390416075
            ],
            [
              73.83092489014052,
              18.441073461394893
            ],
            [
              73.8308535907461,
              18.441057892791083
            ],
            [
              73.83084081478087,
              18.441101821812108
            ]
          ]
        ]
      },
      "properties": {
        "id": "C209",
        "displayLabel": "UG Tutorial Room",
        "floorNumber": 2,
        "spaceType": "Facility",
        "role": "unit",
        "xMin": 55.851,
        "yMin": 8.5,
        "xMax": 60.948,
        "yMax": 17.07,
        "widthMeters": 5.097,
        "depthMeters": 8.57,
        "areaApproxSqm": 43.69,
        "elevationMeters": 3.2,
        "heightMeters": 3.2,
        "coordinateSystem": "WGS84",
        "visibleUnit": true,
        "placementMethod": "single-building orthogonal transform",
        "floorPlanSource": "Building C supplied floor-plan blueprint",
        "labelText": "C209 \u2014 UG Tutorial Room",
        "labelVisible": true,
        "roomNumber": "C209",
        "roomName": "UG Tutorial Room",
        "name": "C209 \u2014 UG Tutorial Room",
        "label": "C209 \u2014 UG Tutorial Room",
        "popupTitle": "C209 \u2014 UG Tutorial Room",
        "tooltip": "C209 \u2014 UG Tutorial Room",
        "featureClass": "building-room",
        "coordinateReference": "WGS84",
        "geometrySource": "Building C supplied floor-plan blueprint",
        "ulpin": "3D-JSPM-NTC-F02-C-BLOCK-C209",
        "unitGapMeters": 0.2,
        "unitInsetMeters": 0.1,
        "gapRendering": "actual-geometry-inset",
        "gapNote": "Unit footprint inset to create a visible separation from adjacent units; floor/elevation/height metadata unchanged.",
        "unitNumber": "C209",
        "fillColor": "#3b82f6",
        "renderColor": "#3b82f6",
        "mapFillColor": "#3b82f6",
        "wireColor": "#1e3a8a",
        "colorClass": "room",
        "colorSource": "VolumetricViewer.getSpaceStyle"
      }
    },
    {
      "type": "Feature",
      "geometry": {
        "type": "Polygon",
        "coordinates": [
          [
            [
              73.83082726703563,
              18.441148735307294
            ],
            [
              73.83089856647841,
              18.44116430397766
            ],
            [
              73.83091134505446,
              18.441120365821693
            ],
            [
              73.8308400456117,
              18.44110479715147
            ],
            [
              73.83082726703563,
              18.441148735307294
            ]
          ]
        ]
      },
      "properties": {
        "id": "C210",
        "displayLabel": "Faculty Room",
        "floorNumber": 2,
        "spaceType": "Office",
        "role": "unit",
        "xMin": 50.753,
        "yMin": 8.5,
        "xMax": 55.851,
        "yMax": 17.07,
        "widthMeters": 5.097,
        "depthMeters": 8.57,
        "areaApproxSqm": 43.69,
        "elevationMeters": 3.2,
        "heightMeters": 3.2,
        "coordinateSystem": "WGS84",
        "visibleUnit": true,
        "placementMethod": "single-building orthogonal transform",
        "floorPlanSource": "Building C supplied floor-plan blueprint",
        "labelText": "C210 \u2014 Faculty Room",
        "labelVisible": true,
        "roomNumber": "C210",
        "roomName": "Faculty Room",
        "name": "C210 \u2014 Faculty Room",
        "label": "C210 \u2014 Faculty Room",
        "popupTitle": "C210 \u2014 Faculty Room",
        "tooltip": "C210 \u2014 Faculty Room",
        "featureClass": "building-room",
        "coordinateReference": "WGS84",
        "geometrySource": "Building C supplied floor-plan blueprint",
        "ulpin": "3D-JSPM-NTC-F02-C-BLOCK-C210",
        "unitGapMeters": 0.2,
        "unitInsetMeters": 0.1,
        "gapRendering": "actual-geometry-inset",
        "gapNote": "Unit footprint inset to create a visible separation from adjacent units; floor/elevation/height metadata unchanged.",
        "unitNumber": "C210",
        "fillColor": "#10b981",
        "renderColor": "#10b981",
        "mapFillColor": "#10b981",
        "wireColor": "#047857",
        "colorClass": "office",
        "colorSource": "VolumetricViewer.getSpaceStyle"
      }
    },
    {
      "type": "Feature",
      "geometry": {
        "type": "Polygon",
        "coordinates": [
          [
            [
              73.83080965744153,
              18.441209642933796
            ],
            [
              73.83088102796661,
              18.441225294681036
            ],
            [
              73.83089779855696,
              18.441167380321225
            ],
            [
              73.83082642803186,
              18.441151728574155
            ],
            [
              73.83080965744153,
              18.441209642933796
            ]
          ]
        ]
      },
      "properties": {
        "id": "C211",
        "displayLabel": "AIDS Lab",
        "floorNumber": 2,
        "spaceType": "Lab",
        "role": "unit",
        "xMin": 44.127,
        "yMin": 8.5,
        "xMax": 50.753,
        "yMax": 17.07,
        "widthMeters": 6.627,
        "depthMeters": 8.57,
        "areaApproxSqm": 56.79,
        "elevationMeters": 3.2,
        "heightMeters": 3.2,
        "coordinateSystem": "WGS84",
        "visibleUnit": true,
        "placementMethod": "single-building orthogonal transform",
        "floorPlanSource": "Building C supplied floor-plan blueprint",
        "labelText": "C211 \u2014 AIDS Lab",
        "labelVisible": true,
        "roomNumber": "C211",
        "roomName": "AIDS Lab",
        "name": "C211 \u2014 AIDS Lab",
        "label": "C211 \u2014 AIDS Lab",
        "popupTitle": "C211 \u2014 AIDS Lab",
        "tooltip": "C211 \u2014 AIDS Lab",
        "featureClass": "building-room",
        "coordinateReference": "WGS84",
        "geometrySource": "Building C supplied floor-plan blueprint",
        "ulpin": "3D-JSPM-NTC-F02-C-BLOCK-C211",
        "unitGapMeters": 0.2,
        "unitInsetMeters": 0.1,
        "gapRendering": "actual-geometry-inset",
        "gapNote": "Unit footprint inset to create a visible separation from adjacent units; floor/elevation/height metadata unchanged.",
        "unitNumber": "C211",
        "fillColor": "#3b82f6",
        "renderColor": "#3b82f6",
        "mapFillColor": "#3b82f6",
        "wireColor": "#1d4ed8",
        "colorClass": "lab",
        "colorSource": "VolumetricViewer.getSpaceStyle"
      }
    },
    {
      "type": "Feature",
      "geometry": {
        "type": "Polygon",
        "coordinates": [
          [
            [
              73.83079204643641,
              18.4412706268304
            ],
            [
              73.8308634170054,
              18.441286278622158
            ],
            [
              73.83088019021011,
              18.441228355104965
            ],
            [
              73.83080881964112,
              18.441212703313358
            ],
            [
              73.83079204643641,
              18.4412706268304
            ]
          ]
        ]
      },
      "properties": {
        "id": "C212",
        "displayLabel": "AIDS Lab",
        "floorNumber": 2,
        "spaceType": "Lab",
        "role": "unit",
        "xMin": 37.5,
        "yMin": 8.5,
        "xMax": 44.127,
        "yMax": 17.07,
        "widthMeters": 6.627,
        "depthMeters": 8.57,
        "areaApproxSqm": 56.79,
        "elevationMeters": 3.2,
        "heightMeters": 3.2,
        "coordinateSystem": "WGS84",
        "visibleUnit": true,
        "placementMethod": "single-building orthogonal transform",
        "floorPlanSource": "Building C supplied floor-plan blueprint",
        "labelText": "C212 \u2014 AIDS Lab",
        "labelVisible": true,
        "roomNumber": "C212",
        "roomName": "AIDS Lab",
        "name": "C212 \u2014 AIDS Lab",
        "label": "C212 \u2014 AIDS Lab",
        "popupTitle": "C212 \u2014 AIDS Lab",
        "tooltip": "C212 \u2014 AIDS Lab",
        "featureClass": "building-room",
        "coordinateReference": "WGS84",
        "geometrySource": "Building C supplied floor-plan blueprint",
        "ulpin": "3D-JSPM-NTC-F02-C-BLOCK-C212",
        "unitGapMeters": 0.2,
        "unitInsetMeters": 0.1,
        "gapRendering": "actual-geometry-inset",
        "gapNote": "Unit footprint inset to create a visible separation from adjacent units; floor/elevation/height metadata unchanged.",
        "unitNumber": "C212",
        "fillColor": "#3b82f6",
        "renderColor": "#3b82f6",
        "mapFillColor": "#3b82f6",
        "wireColor": "#1d4ed8",
        "colorClass": "lab",
        "colorSource": "VolumetricViewer.getSpaceStyle"
      }
    },
    {
      "type": "Feature",
      "geometry": {
        "type": "Polygon",
        "coordinates": [
          [
            [
              73.8307599760566,
              18.44138182195606
            ],
            [
              73.83083122365711,
              18.44139731032354
            ],
            [
              73.83084131696818,
              18.44136275913162
            ],
            [
              73.83077006936762,
              18.441347270764293
            ],
            [
              73.8307599760566,
              18.44138182195606
            ]
          ]
        ]
      },
      "properties": {
        "id": "C213",
        "displayLabel": "UG Tutorial Room",
        "floorNumber": 2,
        "spaceType": "Facility",
        "role": "unit",
        "xMin": 25.431,
        "yMin": 8.5,
        "xMax": 29.5,
        "yMax": 17.07,
        "widthMeters": 4.069,
        "depthMeters": 8.57,
        "areaApproxSqm": 34.87,
        "elevationMeters": 3.2,
        "heightMeters": 3.2,
        "coordinateSystem": "WGS84",
        "visibleUnit": true,
        "placementMethod": "single-building orthogonal transform",
        "floorPlanSource": "Building C supplied floor-plan blueprint",
        "labelText": "C213 \u2014 UG Tutorial Room",
        "labelVisible": true,
        "roomNumber": "C213",
        "roomName": "UG Tutorial Room",
        "name": "C213 \u2014 UG Tutorial Room",
        "label": "C213 \u2014 UG Tutorial Room",
        "popupTitle": "C213 \u2014 UG Tutorial Room",
        "tooltip": "C213 \u2014 UG Tutorial Room",
        "featureClass": "building-room",
        "coordinateReference": "WGS84",
        "geometrySource": "Building C supplied floor-plan blueprint",
        "ulpin": "3D-JSPM-NTC-F02-C-BLOCK-C213",
        "unitGapMeters": 0.2,
        "unitInsetMeters": 0.1,
        "gapRendering": "actual-geometry-inset",
        "gapNote": "Unit footprint inset to create a visible separation from adjacent units; floor/elevation/height metadata unchanged.",
        "unitNumber": "C213",
        "fillColor": "#3b82f6",
        "renderColor": "#3b82f6",
        "mapFillColor": "#3b82f6",
        "wireColor": "#1e3a8a",
        "colorClass": "room",
        "colorSource": "VolumetricViewer.getSpaceStyle"
      }
    },
    {
      "type": "Feature",
      "geometry": {
        "type": "Polygon",
        "coordinates": [
          [
            [
              73.83074916284139,
              18.441419266293103
            ],
            [
              73.83082041044158,
              18.441434754660584
            ],
            [
              73.83083050375268,
              18.44140020346832
            ],
            [
              73.83075925615248,
              18.441384715100988
            ],
            [
              73.83074916284139,
              18.441419266293103
            ]
          ]
        ]
      },
      "properties": {
        "id": "C214",
        "displayLabel": "UG Tutorial Room",
        "floorNumber": 2,
        "spaceType": "Facility",
        "role": "unit",
        "xMin": 21.362,
        "yMin": 8.5,
        "xMax": 25.431,
        "yMax": 17.07,
        "widthMeters": 4.069,
        "depthMeters": 8.57,
        "areaApproxSqm": 34.87,
        "elevationMeters": 3.2,
        "heightMeters": 3.2,
        "coordinateSystem": "WGS84",
        "visibleUnit": true,
        "placementMethod": "single-building orthogonal transform",
        "floorPlanSource": "Building C supplied floor-plan blueprint",
        "labelText": "C214 \u2014 UG Tutorial Room",
        "labelVisible": true,
        "roomNumber": "C214",
        "roomName": "UG Tutorial Room",
        "name": "C214 \u2014 UG Tutorial Room",
        "label": "C214 \u2014 UG Tutorial Room",
        "popupTitle": "C214 \u2014 UG Tutorial Room",
        "tooltip": "C214 \u2014 UG Tutorial Room",
        "featureClass": "building-room",
        "coordinateReference": "WGS84",
        "geometrySource": "Building C supplied floor-plan blueprint",
        "ulpin": "3D-JSPM-NTC-F02-C-BLOCK-C214",
        "unitGapMeters": 0.2,
        "unitInsetMeters": 0.1,
        "gapRendering": "actual-geometry-inset",
        "gapNote": "Unit footprint inset to create a visible separation from adjacent units; floor/elevation/height metadata unchanged.",
        "unitNumber": "C214",
        "fillColor": "#3b82f6",
        "renderColor": "#3b82f6",
        "mapFillColor": "#3b82f6",
        "wireColor": "#1e3a8a",
        "colorClass": "room",
        "colorSource": "VolumetricViewer.getSpaceStyle"
      }
    },
    {
      "type": "Feature",
      "geometry": {
        "type": "Polygon",
        "coordinates": [
          [
            [
              73.83070590513584,
              18.44156874983439
            ],
            [
              73.83077760994166,
              18.44158460232745
            ],
            [
              73.83081969538141,
              18.441438089667805
            ],
            [
              73.83074799057562,
              18.4414222371749
            ],
            [
              73.83070590513584,
              18.44156874983439
            ]
          ]
        ]
      },
      "properties": {
        "id": "C215",
        "displayLabel": "Padma Vibhushan Satish Dhawan Seminar Hall",
        "floorNumber": 2,
        "spaceType": "Hall",
        "role": "unit",
        "xMin": 5.086,
        "yMin": 8.5,
        "xMax": 21.362,
        "yMax": 17.07,
        "widthMeters": 16.276,
        "depthMeters": 8.57,
        "areaApproxSqm": 139.48,
        "elevationMeters": 3.2,
        "heightMeters": 3.2,
        "coordinateSystem": "WGS84",
        "visibleUnit": true,
        "placementMethod": "single-building orthogonal transform",
        "floorPlanSource": "Building C supplied floor-plan blueprint",
        "labelText": "C215 \u2014 Padma Vibhushan Satish Dhawan Seminar Hall",
        "labelVisible": true,
        "roomNumber": "C215",
        "roomName": "Padma Vibhushan Satish Dhawan Seminar Hall",
        "name": "C215 \u2014 Padma Vibhushan Satish Dhawan Seminar Hall",
        "label": "C215 \u2014 Padma Vibhushan Satish Dhawan Seminar Hall",
        "popupTitle": "C215 \u2014 Padma Vibhushan Satish Dhawan Seminar Hall",
        "tooltip": "C215 \u2014 Padma Vibhushan Satish Dhawan Seminar Hall",
        "featureClass": "building-room",
        "coordinateReference": "WGS84",
        "geometrySource": "Building C supplied floor-plan blueprint",
        "ulpin": "3D-JSPM-NTC-F02-C-BLOCK-C215",
        "unitGapMeters": 0.2,
        "unitInsetMeters": 0.1,
        "gapRendering": "actual-geometry-inset",
        "gapNote": "Unit footprint inset to create a visible separation from adjacent units; floor/elevation/height metadata unchanged.",
        "unitNumber": "C215",
        "fillColor": "#eab308",
        "renderColor": "#eab308",
        "mapFillColor": "#eab308",
        "wireColor": "#ca8a04",
        "colorClass": "hall",
        "colorSource": "VolumetricViewer.getSpaceStyle"
      }
    },
    {
      "type": "Feature",
      "geometry": {
        "type": "Polygon",
        "coordinates": [
          [
            [
              73.8306923928501,
              18.441615782508546
            ],
            [
              73.83076369170375,
              18.441631350380774
            ],
            [
              73.83077643895093,
              18.441587521831625
            ],
            [
              73.83070514009731,
              18.441571953959535
            ],
            [
              73.8306923928501,
              18.441615782508546
            ]
          ]
        ]
      },
      "properties": {
        "id": "C216",
        "displayLabel": "Ladies Toilet",
        "floorNumber": 2,
        "spaceType": "Restroom",
        "role": "unit",
        "xMin": 0,
        "yMin": 8.5,
        "xMax": 5.086,
        "yMax": 17.07,
        "widthMeters": 5.086,
        "depthMeters": 8.57,
        "areaApproxSqm": 43.59,
        "elevationMeters": 3.2,
        "heightMeters": 3.2,
        "coordinateSystem": "WGS84",
        "visibleUnit": true,
        "placementMethod": "single-building orthogonal transform",
        "floorPlanSource": "Building C supplied floor-plan blueprint",
        "labelText": "C216 \u2014 Ladies Toilet",
        "labelVisible": true,
        "roomNumber": "C216",
        "roomName": "Ladies Toilet",
        "name": "C216 \u2014 Ladies Toilet",
        "label": "C216 \u2014 Ladies Toilet",
        "popupTitle": "C216 \u2014 Ladies Toilet",
        "tooltip": "C216 \u2014 Ladies Toilet",
        "featureClass": "building-room",
        "coordinateReference": "WGS84",
        "geometrySource": "Building C supplied floor-plan blueprint",
        "ulpin": "3D-JSPM-NTC-F02-C-BLOCK-C216",
        "unitGapMeters": 0.2,
        "unitInsetMeters": 0.1,
        "gapRendering": "actual-geometry-inset",
        "gapNote": "Unit footprint inset to create a visible separation from adjacent units; floor/elevation/height metadata unchanged.",
        "unitNumber": "C216",
        "fillColor": "#ec4899",
        "renderColor": "#ec4899",
        "mapFillColor": "#ec4899",
        "wireColor": "#be185d",
        "colorClass": "restroom",
        "colorSource": "VolumetricViewer.getSpaceStyle"
      }
    },
    {
      "type": "Feature",
      "geometry": {
        "type": "Polygon",
        "coordinates": [
          [
            [
              73.83066433489488,
              18.44163013889304
            ],
            [
              73.83068331137041,
              18.441635455973163
            ],
            [
              73.83068915363711,
              18.441614219797323
            ],
            [
              73.83067008078932,
              18.4416092122566
            ],
            [
              73.83066433489488,
              18.44163013889304
            ]
          ]
        ]
      },
      "properties": {
        "id": "F2-LIFT",
        "displayLabel": "Lift",
        "floorNumber": 2,
        "spaceType": "Lift",
        "role": "vertical-circulation",
        "xMin": 0,
        "yMin": 6.7,
        "xMax": 2.6,
        "yMax": 10.9,
        "widthMeters": 2.6,
        "depthMeters": 4.2,
        "areaApproxSqm": 10.92,
        "elevationMeters": 3.2,
        "heightMeters": 3.2,
        "coordinateSystem": "WGS84",
        "visibleUnit": true,
        "placementMethod": "single-building orthogonal transform",
        "floorPlanSource": "Building C supplied floor-plan blueprint",
        "name": "Lift",
        "label": "Lift",
        "labelText": "Lift",
        "popupTitle": "Lift",
        "tooltip": "Lift",
        "featureClass": "building-circulation",
        "coordinateReference": "WGS84",
        "geometrySource": "Building C supplied floor-plan blueprint",
        "ulpin": "3D-JSPM-NTC-F02-C-BLOCK-F2-LIFT",
        "unitNumber": "F2-LIFT",
        "fillColor": "#06b6d4",
        "renderColor": "#06b6d4",
        "mapFillColor": "#06b6d4",
        "wireColor": "#0e7490",
        "colorClass": "lift",
        "colorSource": "VolumetricViewer.getSpaceStyle",
        "unitGapMeters": 0.2,
        "unitInsetMeters": 0.1,
        "gapRendering": "actual-geometry-inset"
      }
    },
    {
      "type": "Feature",
      "geometry": {
        "type": "Polygon",
        "coordinates": [
          [
            [
              73.8307700283971,
              18.441344659749543
            ],
            [
              73.83084293169001,
              18.441360691629917
            ],
            [
              73.83086371631917,
              18.441288717972352
            ],
            [
              73.83079081302621,
              18.441272686092137
            ],
            [
              73.8307700283971,
              18.441344659749543
            ]
          ]
        ]
      },
      "properties": {
        "id": "F2-STAIRS-C",
        "displayLabel": "Central Stair",
        "floorNumber": 2,
        "spaceType": "Stairs",
        "role": "vertical-circulation",
        "xMin": 29.5,
        "yMin": 8.5,
        "xMax": 37.5,
        "yMax": 17.07,
        "widthMeters": 8,
        "depthMeters": 8.57,
        "areaApproxSqm": 68.56,
        "elevationMeters": 3.2,
        "heightMeters": 3.2,
        "coordinateSystem": "WGS84",
        "visibleUnit": true,
        "placementMethod": "single-building orthogonal transform",
        "floorPlanSource": "Building C supplied floor-plan blueprint",
        "name": "Central Stair",
        "label": "Central Stair",
        "labelText": "Central Stair",
        "popupTitle": "Central Stair",
        "tooltip": "Central Stair",
        "featureClass": "building-circulation",
        "coordinateReference": "WGS84",
        "geometrySource": "Building C supplied floor-plan blueprint",
        "ulpin": "3D-JSPM-NTC-F02-C-BLOCK-F2-STAIRS-C",
        "unitNumber": "F2-STAIRS-C",
        "fillColor": "#f97316",
        "renderColor": "#f97316",
        "mapFillColor": "#f97316",
        "wireColor": "#c2410c",
        "colorClass": "stairs",
        "colorSource": "VolumetricViewer.getSpaceStyle",
        "unitGapMeters": 0.2,
        "unitInsetMeters": 0.1,
        "gapRendering": "actual-geometry-inset"
      }
    },
    {
      "type": "Feature",
      "geometry": {
        "type": "Polygon",
        "coordinates": [
          [
            [
              73.83078320121578,
              18.441026355853435
            ],
            [
              73.83083458787229,
              18.441037656093744
            ],
            [
              73.83084740011284,
              18.440993289470363
            ],
            [
              73.83079601345631,
              18.440981989230146
            ],
            [
              73.83078320121578,
              18.441026355853435
            ]
          ]
        ]
      },
      "properties": {
        "id": "F2-STAIRS-E",
        "displayLabel": "East Stair",
        "floorNumber": 2,
        "spaceType": "Stairs",
        "role": "vertical-circulation",
        "xMin": 62.32,
        "yMin": 0,
        "xMax": 67.32,
        "yMax": 6.1,
        "widthMeters": 5,
        "depthMeters": 6.1,
        "areaApproxSqm": 30.5,
        "elevationMeters": 3.2,
        "heightMeters": 3.2,
        "coordinateSystem": "WGS84",
        "visibleUnit": true,
        "placementMethod": "single-building orthogonal transform",
        "floorPlanSource": "Building C supplied floor-plan blueprint",
        "name": "East Stair",
        "label": "East Stair",
        "labelText": "East Stair",
        "popupTitle": "East Stair",
        "tooltip": "East Stair",
        "featureClass": "building-circulation",
        "coordinateReference": "WGS84",
        "geometrySource": "Building C supplied floor-plan blueprint",
        "ulpin": "3D-JSPM-NTC-F02-C-BLOCK-F2-STAIRS-E",
        "unitNumber": "F2-STAIRS-E",
        "fillColor": "#f97316",
        "renderColor": "#f97316",
        "mapFillColor": "#f97316",
        "wireColor": "#c2410c",
        "colorClass": "stairs",
        "colorSource": "VolumetricViewer.getSpaceStyle",
        "unitGapMeters": 0.2,
        "unitInsetMeters": 0.1,
        "gapRendering": "actual-geometry-inset"
      }
    },
    {
      "type": "Feature",
      "geometry": {
        "type": "Polygon",
        "coordinates": [
          [
            [
              73.83061758814571,
              18.441599845920802
            ],
            [
              73.83066897480263,
              18.4416111461612
            ],
            [
              73.83068178704468,
              18.44156677953261
            ],
            [
              73.83063040038772,
              18.44155547929232
            ],
            [
              73.83061758814571,
              18.441599845920802
            ]
          ]
        ]
      },
      "properties": {
        "id": "F2-STAIRS-W",
        "displayLabel": "West Stair",
        "floorNumber": 2,
        "spaceType": "Stairs",
        "role": "vertical-circulation",
        "xMin": 0,
        "yMin": 0,
        "xMax": 5,
        "yMax": 6.1,
        "widthMeters": 5,
        "depthMeters": 6.1,
        "areaApproxSqm": 30.5,
        "elevationMeters": 3.2,
        "heightMeters": 3.2,
        "coordinateSystem": "WGS84",
        "visibleUnit": true,
        "placementMethod": "single-building orthogonal transform",
        "floorPlanSource": "Building C supplied floor-plan blueprint",
        "name": "West Stair",
        "label": "West Stair",
        "labelText": "West Stair",
        "popupTitle": "West Stair",
        "tooltip": "West Stair",
        "featureClass": "building-circulation",
        "coordinateReference": "WGS84",
        "geometrySource": "Building C supplied floor-plan blueprint",
        "ulpin": "3D-JSPM-NTC-F02-C-BLOCK-F2-STAIRS-W",
        "unitNumber": "F2-STAIRS-W",
        "fillColor": "#f97316",
        "renderColor": "#f97316",
        "mapFillColor": "#f97316",
        "wireColor": "#c2410c",
        "colorClass": "stairs",
        "colorSource": "VolumetricViewer.getSpaceStyle",
        "unitGapMeters": 0.2,
        "unitInsetMeters": 0.1,
        "gapRendering": "actual-geometry-inset"
      }
    },
    {
      "type": "Feature",
      "geometry": {
        "type": "Polygon",
        "coordinates": [
          [
            [
              73.83063163160202,
              18.441553306430286
            ],
            [
              73.8306816817385,
              18.44156436714995
            ],
            [
              73.83070277815919,
              18.44149095281448
            ],
            [
              73.83065272802271,
              18.441479892094915
            ],
            [
              73.83063163160202,
              18.441553306430286
            ]
          ]
        ]
      },
      "properties": {
        "id": "C301",
        "displayLabel": "Analog Circuit Lab",
        "floorNumber": 3,
        "spaceType": "Lab",
        "role": "unit",
        "xMin": 5,
        "yMin": 0,
        "xMax": 13.326,
        "yMax": 6.1,
        "widthMeters": 8.326,
        "depthMeters": 6.1,
        "areaApproxSqm": 50.79,
        "elevationMeters": 6.4,
        "heightMeters": 3.2,
        "coordinateSystem": "WGS84",
        "visibleUnit": true,
        "placementMethod": "single-building orthogonal transform",
        "floorPlanSource": "Building C supplied floor-plan blueprint",
        "labelText": "C301 \u2014 Analog Circuit Lab",
        "labelVisible": true,
        "roomNumber": "C301",
        "roomName": "Analog Circuit Lab",
        "name": "C301 \u2014 Analog Circuit Lab",
        "label": "C301 \u2014 Analog Circuit Lab",
        "popupTitle": "C301 \u2014 Analog Circuit Lab",
        "tooltip": "C301 \u2014 Analog Circuit Lab",
        "featureClass": "building-room",
        "coordinateReference": "WGS84",
        "geometrySource": "Building C supplied floor-plan blueprint",
        "ulpin": "3D-JSPM-NTC-F03-C-BLOCK-C301",
        "unitGapMeters": 0.2,
        "unitInsetMeters": 0.1,
        "gapRendering": "actual-geometry-inset",
        "gapNote": "Unit footprint inset to create a visible separation from adjacent units; floor/elevation/height metadata unchanged.",
        "unitNumber": "C301",
        "fillColor": "#3b82f6",
        "renderColor": "#3b82f6",
        "mapFillColor": "#3b82f6",
        "wireColor": "#1d4ed8",
        "colorClass": "lab",
        "colorSource": "VolumetricViewer.getSpaceStyle"
      }
    },
    {
      "type": "Feature",
      "geometry": {
        "type": "Polygon",
        "coordinates": [
          [
            [
              73.83065375763542,
              18.441476687715564
            ],
            [
              73.83070380777241,
              18.44148774843523
            ],
            [
              73.83072490419313,
              18.44141433410046
            ],
            [
              73.83067485405616,
              18.44140327338089
            ],
            [
              73.83065375763542,
              18.441476687715564
            ]
          ]
        ]
      },
      "properties": {
        "id": "C302",
        "displayLabel": "Digital Electronics Lab",
        "floorNumber": 3,
        "spaceType": "Lab",
        "role": "unit",
        "xMin": 13.326,
        "yMin": 0,
        "xMax": 21.652,
        "yMax": 6.1,
        "widthMeters": 8.326,
        "depthMeters": 6.1,
        "areaApproxSqm": 50.79,
        "elevationMeters": 6.4,
        "heightMeters": 3.2,
        "coordinateSystem": "WGS84",
        "visibleUnit": true,
        "placementMethod": "single-building orthogonal transform",
        "floorPlanSource": "Building C supplied floor-plan blueprint",
        "labelText": "C302 \u2014 Digital Electronics Lab",
        "labelVisible": true,
        "roomNumber": "C302",
        "roomName": "Digital Electronics Lab",
        "name": "C302 \u2014 Digital Electronics Lab",
        "label": "C302 \u2014 Digital Electronics Lab",
        "popupTitle": "C302 \u2014 Digital Electronics Lab",
        "tooltip": "C302 \u2014 Digital Electronics Lab",
        "featureClass": "building-room",
        "coordinateReference": "WGS84",
        "geometrySource": "Building C supplied floor-plan blueprint",
        "ulpin": "3D-JSPM-NTC-F03-C-BLOCK-C302",
        "unitGapMeters": 0.2,
        "unitInsetMeters": 0.1,
        "gapRendering": "actual-geometry-inset",
        "gapNote": "Unit footprint inset to create a visible separation from adjacent units; floor/elevation/height metadata unchanged.",
        "unitNumber": "C302",
        "fillColor": "#3b82f6",
        "renderColor": "#3b82f6",
        "mapFillColor": "#3b82f6",
        "wireColor": "#1d4ed8",
        "colorClass": "lab",
        "colorSource": "VolumetricViewer.getSpaceStyle"
      }
    },
    {
      "type": "Feature",
      "geometry": {
        "type": "Polygon",
        "coordinates": [
          [
            [
              73.83067588378931,
              18.441400075525355
            ],
            [
              73.83072591854696,
              18.441411128168912
            ],
            [
              73.83074617706109,
              18.44134065952287
            ],
            [
              73.83069614230345,
              18.44132960687943
            ],
            [
              73.83067588378931,
              18.441400075525355
            ]
          ]
        ]
      },
      "properties": {
        "id": "C303",
        "displayLabel": "Communication Lab-II",
        "floorNumber": 3,
        "spaceType": "Lab",
        "role": "unit",
        "xMin": 21.652,
        "yMin": 0,
        "xMax": 29.657,
        "yMax": 6.1,
        "widthMeters": 8.006,
        "depthMeters": 6.1,
        "areaApproxSqm": 48.83,
        "elevationMeters": 6.4,
        "heightMeters": 3.2,
        "coordinateSystem": "WGS84",
        "visibleUnit": true,
        "placementMethod": "single-building orthogonal transform",
        "floorPlanSource": "Building C supplied floor-plan blueprint",
        "labelText": "C303 \u2014 Communication Lab-II",
        "labelVisible": true,
        "roomNumber": "C303",
        "roomName": "Communication Lab-II",
        "name": "C303 \u2014 Communication Lab-II",
        "label": "C303 \u2014 Communication Lab-II",
        "popupTitle": "C303 \u2014 Communication Lab-II",
        "tooltip": "C303 \u2014 Communication Lab-II",
        "featureClass": "building-room",
        "coordinateReference": "WGS84",
        "geometrySource": "Building C supplied floor-plan blueprint",
        "ulpin": "3D-JSPM-NTC-F03-C-BLOCK-C303",
        "unitGapMeters": 0.2,
        "unitInsetMeters": 0.1,
        "gapRendering": "actual-geometry-inset",
        "gapNote": "Unit footprint inset to create a visible separation from adjacent units; floor/elevation/height metadata unchanged.",
        "unitNumber": "C303",
        "fillColor": "#3b82f6",
        "renderColor": "#3b82f6",
        "mapFillColor": "#3b82f6",
        "wireColor": "#1d4ed8",
        "colorClass": "lab",
        "colorSource": "VolumetricViewer.getSpaceStyle"
      }
    },
    {
      "type": "Feature",
      "geometry": {
        "type": "Polygon",
        "coordinates": [
          [
            [
              73.83069715677684,
              18.441326410741986
            ],
            [
              73.83074719158346,
              18.44133746341155
            ],
            [
              73.83076745270742,
              18.44126698559047
            ],
            [
              73.83071741790076,
              18.441255932921027
            ],
            [
              73.83069715677684,
              18.441326410741986
            ]
          ]
        ]
      },
      "properties": {
        "id": "C304",
        "displayLabel": "HOD E & TC Engg. / Department Office / Faculty Room",
        "floorNumber": 3,
        "spaceType": "Office",
        "role": "unit",
        "xMin": 29.657,
        "yMin": 0,
        "xMax": 37.663,
        "yMax": 6.1,
        "widthMeters": 8.006,
        "depthMeters": 6.1,
        "areaApproxSqm": 48.83,
        "elevationMeters": 6.4,
        "heightMeters": 3.2,
        "coordinateSystem": "WGS84",
        "visibleUnit": true,
        "placementMethod": "single-building orthogonal transform",
        "floorPlanSource": "Building C supplied floor-plan blueprint",
        "labelText": "C304 \u2014 HOD E & TC Engg. / Department Office / Faculty Room",
        "labelVisible": true,
        "roomNumber": "C304",
        "roomName": "HOD E & TC Engg. / Department Office / Faculty Room",
        "name": "C304 \u2014 HOD E & TC Engg. / Department Office / Faculty Room",
        "label": "C304 \u2014 HOD E & TC Engg. / Department Office / Faculty Room",
        "popupTitle": "C304 \u2014 HOD E & TC Engg. / Department Office / Faculty Room",
        "tooltip": "C304 \u2014 HOD E & TC Engg. / Department Office / Faculty Room",
        "featureClass": "building-room",
        "coordinateReference": "WGS84",
        "geometrySource": "Building C supplied floor-plan blueprint",
        "ulpin": "3D-JSPM-NTC-F03-C-BLOCK-C304",
        "unitGapMeters": 0.2,
        "unitInsetMeters": 0.1,
        "gapRendering": "actual-geometry-inset",
        "gapNote": "Unit footprint inset to create a visible separation from adjacent units; floor/elevation/height metadata unchanged.",
        "unitNumber": "C304",
        "fillColor": "#10b981",
        "renderColor": "#10b981",
        "mapFillColor": "#10b981",
        "wireColor": "#047857",
        "colorClass": "office",
        "colorSource": "VolumetricViewer.getSpaceStyle"
      }
    },
    {
      "type": "Feature",
      "geometry": {
        "type": "Polygon",
        "coordinates": [
          [
            [
              73.83071843230202,
              18.441252730273813
            ],
            [
              73.83076848244065,
              18.441263790993457
            ],
            [
              73.83078957886148,
              18.441190376660707
            ],
            [
              73.83073952872293,
              18.44117931594118
            ],
            [
              73.83071843230202,
              18.441252730273813
            ]
          ]
        ]
      },
      "properties": {
        "id": "C305",
        "displayLabel": "Signal Processing Lab",
        "floorNumber": 3,
        "spaceType": "Lab",
        "role": "unit",
        "xMin": 37.663,
        "yMin": 0,
        "xMax": 45.989,
        "yMax": 6.1,
        "widthMeters": 8.326,
        "depthMeters": 6.1,
        "areaApproxSqm": 50.79,
        "elevationMeters": 6.4,
        "heightMeters": 3.2,
        "coordinateSystem": "WGS84",
        "visibleUnit": true,
        "placementMethod": "single-building orthogonal transform",
        "floorPlanSource": "Building C supplied floor-plan blueprint",
        "labelText": "C305 \u2014 Signal Processing Lab",
        "labelVisible": true,
        "roomNumber": "C305",
        "roomName": "Signal Processing Lab",
        "name": "C305 \u2014 Signal Processing Lab",
        "label": "C305 \u2014 Signal Processing Lab",
        "popupTitle": "C305 \u2014 Signal Processing Lab",
        "tooltip": "C305 \u2014 Signal Processing Lab",
        "featureClass": "building-room",
        "coordinateReference": "WGS84",
        "geometrySource": "Building C supplied floor-plan blueprint",
        "ulpin": "3D-JSPM-NTC-F03-C-BLOCK-C305",
        "unitGapMeters": 0.2,
        "unitInsetMeters": 0.1,
        "gapRendering": "actual-geometry-inset",
        "gapNote": "Unit footprint inset to create a visible separation from adjacent units; floor/elevation/height metadata unchanged.",
        "unitNumber": "C305",
        "fillColor": "#3b82f6",
        "renderColor": "#3b82f6",
        "mapFillColor": "#3b82f6",
        "wireColor": "#1d4ed8",
        "colorClass": "lab",
        "colorSource": "VolumetricViewer.getSpaceStyle"
      }
    },
    {
      "type": "Feature",
      "geometry": {
        "type": "Polygon",
        "coordinates": [
          [
            [
              73.8307405583358,
              18.44117611157875
            ],
            [
              73.83079060842758,
              18.441187172274052
            ],
            [
              73.83081170223764,
              18.441113767119464
            ],
            [
              73.83076165214588,
              18.441102706424264
            ],
            [
              73.8307405583358,
              18.44117611157875
            ]
          ]
        ]
      },
      "properties": {
        "id": "C306",
        "displayLabel": "Embedded & Microcontroller Lab",
        "floorNumber": 3,
        "spaceType": "Lab",
        "role": "unit",
        "xMin": 45.989,
        "yMin": 0,
        "xMax": 54.314,
        "yMax": 6.1,
        "widthMeters": 8.326,
        "depthMeters": 6.1,
        "areaApproxSqm": 50.79,
        "elevationMeters": 6.4,
        "heightMeters": 3.2,
        "coordinateSystem": "WGS84",
        "visibleUnit": true,
        "placementMethod": "single-building orthogonal transform",
        "floorPlanSource": "Building C supplied floor-plan blueprint",
        "labelText": "C306 \u2014 Embedded & Microcontroller Lab",
        "labelVisible": true,
        "roomNumber": "C306",
        "roomName": "Embedded & Microcontroller Lab",
        "name": "C306 \u2014 Embedded & Microcontroller Lab",
        "label": "C306 \u2014 Embedded & Microcontroller Lab",
        "popupTitle": "C306 \u2014 Embedded & Microcontroller Lab",
        "tooltip": "C306 \u2014 Embedded & Microcontroller Lab",
        "featureClass": "building-room",
        "coordinateReference": "WGS84",
        "geometrySource": "Building C supplied floor-plan blueprint",
        "ulpin": "3D-JSPM-NTC-F03-C-BLOCK-C306",
        "unitGapMeters": 0.2,
        "unitInsetMeters": 0.1,
        "gapRendering": "actual-geometry-inset",
        "gapNote": "Unit footprint inset to create a visible separation from adjacent units; floor/elevation/height metadata unchanged.",
        "unitNumber": "C306",
        "fillColor": "#3b82f6",
        "renderColor": "#3b82f6",
        "mapFillColor": "#3b82f6",
        "wireColor": "#1d4ed8",
        "colorClass": "lab",
        "colorSource": "VolumetricViewer.getSpaceStyle"
      }
    },
    {
      "type": "Feature",
      "geometry": {
        "type": "Polygon",
        "coordinates": [
          [
            [
              73.8307626818315,
              18.441099508550217
            ],
            [
              73.83081271663976,
              18.44111056121974
            ],
            [
              73.8308329777638,
              18.441040083400736
            ],
            [
              73.83078294295555,
              18.441029030731315
            ],
            [
              73.8307626818315,
              18.441099508550217
            ]
          ]
        ]
      },
      "properties": {
        "id": "C307",
        "displayLabel": "Communication Lab-I",
        "floorNumber": 3,
        "spaceType": "Lab",
        "role": "unit",
        "xMin": 54.314,
        "yMin": 0,
        "xMax": 62.32,
        "yMax": 6.1,
        "widthMeters": 8.006,
        "depthMeters": 6.1,
        "areaApproxSqm": 48.83,
        "elevationMeters": 6.4,
        "heightMeters": 3.2,
        "coordinateSystem": "WGS84",
        "visibleUnit": true,
        "placementMethod": "single-building orthogonal transform",
        "floorPlanSource": "Building C supplied floor-plan blueprint",
        "labelText": "C307 \u2014 Communication Lab-I",
        "labelVisible": true,
        "roomNumber": "C307",
        "roomName": "Communication Lab-I",
        "name": "C307 \u2014 Communication Lab-I",
        "label": "C307 \u2014 Communication Lab-I",
        "popupTitle": "C307 \u2014 Communication Lab-I",
        "tooltip": "C307 \u2014 Communication Lab-I",
        "featureClass": "building-room",
        "coordinateReference": "WGS84",
        "geometrySource": "Building C supplied floor-plan blueprint",
        "ulpin": "3D-JSPM-NTC-F03-C-BLOCK-C307",
        "unitGapMeters": 0.2,
        "unitInsetMeters": 0.1,
        "gapRendering": "actual-geometry-inset",
        "gapNote": "Unit footprint inset to create a visible separation from adjacent units; floor/elevation/height metadata unchanged.",
        "unitNumber": "C307",
        "fillColor": "#3b82f6",
        "renderColor": "#3b82f6",
        "mapFillColor": "#3b82f6",
        "wireColor": "#1d4ed8",
        "colorClass": "lab",
        "colorSource": "VolumetricViewer.getSpaceStyle"
      }
    },
    {
      "type": "Feature",
      "geometry": {
        "type": "Polygon",
        "coordinates": [
          [
            [
              73.83085763115882,
              18.441043587034034
            ],
            [
              73.83092893269549,
              18.44105915854195
            ],
            [
              73.8309418235377,
              18.441014827590728
            ],
            [
              73.83087052200104,
              18.440999256082954
            ],
            [
              73.83085763115882,
              18.441043587034034
            ]
          ]
        ]
      },
      "properties": {
        "id": "C308",
        "displayLabel": "Gents Toilet",
        "floorNumber": 3,
        "spaceType": "Restroom",
        "role": "unit",
        "xMin": 62.179,
        "yMin": 8.5,
        "xMax": 67.32,
        "yMax": 17.07,
        "widthMeters": 5.141,
        "depthMeters": 8.57,
        "areaApproxSqm": 44.06,
        "elevationMeters": 6.4,
        "heightMeters": 3.2,
        "coordinateSystem": "WGS84",
        "visibleUnit": true,
        "placementMethod": "single-building orthogonal transform",
        "floorPlanSource": "Building C supplied floor-plan blueprint",
        "labelText": "C308 \u2014 Gents Toilet",
        "labelVisible": true,
        "roomNumber": "C308",
        "roomName": "Gents Toilet",
        "name": "C308 \u2014 Gents Toilet",
        "label": "C308 \u2014 Gents Toilet",
        "popupTitle": "C308 \u2014 Gents Toilet",
        "tooltip": "C308 \u2014 Gents Toilet",
        "featureClass": "building-room",
        "coordinateReference": "WGS84",
        "geometrySource": "Building C supplied floor-plan blueprint",
        "ulpin": "3D-JSPM-NTC-F03-C-BLOCK-C308",
        "unitGapMeters": 0.2,
        "unitInsetMeters": 0.1,
        "gapRendering": "actual-geometry-inset",
        "gapNote": "Unit footprint inset to create a visible separation from adjacent units; floor/elevation/height metadata unchanged.",
        "unitNumber": "C308",
        "fillColor": "#ec4899",
        "renderColor": "#ec4899",
        "mapFillColor": "#ec4899",
        "wireColor": "#be185d",
        "colorClass": "restroom",
        "colorSource": "VolumetricViewer.getSpaceStyle"
      }
    },
    {
      "type": "Feature",
      "geometry": {
        "type": "Polygon",
        "coordinates": [
          [
            [
              73.83083576618745,
              18.441119181539392
            ],
            [
              73.83090720461617,
              18.441134893209274
            ],
            [
              73.83092816354892,
              18.44106230708773
            ],
            [
              73.83085672512021,
              18.441046595418005
            ],
            [
              73.83083576618745,
              18.441119181539392
            ]
          ]
        ]
      },
      "properties": {
        "id": "C309",
        "displayLabel": "Project Development Lab / Departmental Library",
        "floorNumber": 3,
        "spaceType": "Lab",
        "role": "unit",
        "xMin": 53.952,
        "yMin": 8.5,
        "xMax": 62.179,
        "yMax": 17.07,
        "widthMeters": 8.226,
        "depthMeters": 8.57,
        "areaApproxSqm": 70.5,
        "elevationMeters": 6.4,
        "heightMeters": 3.2,
        "coordinateSystem": "WGS84",
        "visibleUnit": true,
        "placementMethod": "single-building orthogonal transform",
        "floorPlanSource": "Building C supplied floor-plan blueprint",
        "labelText": "C309 \u2014 Project Development Lab / Departmental Library",
        "labelVisible": true,
        "roomNumber": "C309",
        "roomName": "Project Development Lab / Departmental Library",
        "name": "C309 \u2014 Project Development Lab / Departmental Library",
        "label": "C309 \u2014 Project Development Lab / Departmental Library",
        "popupTitle": "C309 \u2014 Project Development Lab / Departmental Library",
        "tooltip": "C309 \u2014 Project Development Lab / Departmental Library",
        "featureClass": "building-room",
        "coordinateReference": "WGS84",
        "geometrySource": "Building C supplied floor-plan blueprint",
        "ulpin": "3D-JSPM-NTC-F03-C-BLOCK-C309",
        "unitGapMeters": 0.2,
        "unitInsetMeters": 0.1,
        "gapRendering": "actual-geometry-inset",
        "gapNote": "Unit footprint inset to create a visible separation from adjacent units; floor/elevation/height metadata unchanged.",
        "unitNumber": "C309",
        "fillColor": "#3b82f6",
        "renderColor": "#3b82f6",
        "mapFillColor": "#3b82f6",
        "wireColor": "#1d4ed8",
        "colorClass": "lab",
        "colorSource": "VolumetricViewer.getSpaceStyle"
      }
    },
    {
      "type": "Feature",
      "geometry": {
        "type": "Polygon",
        "coordinates": [
          [
            [
              73.83081390590073,
              18.44119488004511
            ],
            [
              73.83088534428835,
              18.441210591683536
            ],
            [
              73.83090630060335,
              18.441138014731546
            ],
            [
              73.83083486221572,
              18.44112230309328
            ],
            [
              73.83081390590073,
              18.44119488004511
            ]
          ]
        ]
      },
      "properties": {
        "id": "C310",
        "displayLabel": "Electronics Automation Museum / Self Learning Lab",
        "floorNumber": 3,
        "spaceType": "Lab",
        "role": "unit",
        "xMin": 45.726,
        "yMin": 8.5,
        "xMax": 53.952,
        "yMax": 17.07,
        "widthMeters": 8.226,
        "depthMeters": 8.57,
        "areaApproxSqm": 70.5,
        "elevationMeters": 6.4,
        "heightMeters": 3.2,
        "coordinateSystem": "WGS84",
        "visibleUnit": true,
        "placementMethod": "single-building orthogonal transform",
        "floorPlanSource": "Building C supplied floor-plan blueprint",
        "labelText": "C310 \u2014 Electronics Automation Museum / Self Learning Lab",
        "labelVisible": true,
        "roomNumber": "C310",
        "roomName": "Electronics Automation Museum / Self Learning Lab",
        "name": "C310 \u2014 Electronics Automation Museum / Self Learning Lab",
        "label": "C310 \u2014 Electronics Automation Museum / Self Learning Lab",
        "popupTitle": "C310 \u2014 Electronics Automation Museum / Self Learning Lab",
        "tooltip": "C310 \u2014 Electronics Automation Museum / Self Learning Lab",
        "featureClass": "building-room",
        "coordinateReference": "WGS84",
        "geometrySource": "Building C supplied floor-plan blueprint",
        "ulpin": "3D-JSPM-NTC-F03-C-BLOCK-C310",
        "unitGapMeters": 0.2,
        "unitInsetMeters": 0.1,
        "gapRendering": "actual-geometry-inset",
        "gapNote": "Unit footprint inset to create a visible separation from adjacent units; floor/elevation/height metadata unchanged.",
        "unitNumber": "C310",
        "fillColor": "#3b82f6",
        "renderColor": "#3b82f6",
        "mapFillColor": "#3b82f6",
        "wireColor": "#1d4ed8",
        "colorClass": "lab",
        "colorSource": "VolumetricViewer.getSpaceStyle"
      }
    },
    {
      "type": "Feature",
      "geometry": {
        "type": "Polygon",
        "coordinates": [
          [
            [
              73.83079204561362,
              18.44127057852544
            ],
            [
              73.83086348400062,
              18.441286290163866
            ],
            [
              73.83088444031563,
              18.4412137132112
            ],
            [
              73.83081300192863,
              18.441198001572925
            ],
            [
              73.83079204561362,
              18.44127057852544
            ]
          ]
        ]
      },
      "properties": {
        "id": "C311",
        "displayLabel": "VLSI Lab",
        "floorNumber": 3,
        "spaceType": "Lab",
        "role": "unit",
        "xMin": 37.5,
        "yMin": 8.5,
        "xMax": 45.726,
        "yMax": 17.07,
        "widthMeters": 8.226,
        "depthMeters": 8.57,
        "areaApproxSqm": 70.5,
        "elevationMeters": 6.4,
        "heightMeters": 3.2,
        "coordinateSystem": "WGS84",
        "visibleUnit": true,
        "placementMethod": "single-building orthogonal transform",
        "floorPlanSource": "Building C supplied floor-plan blueprint",
        "labelText": "C311 \u2014 VLSI Lab",
        "labelVisible": true,
        "roomNumber": "C311",
        "roomName": "VLSI Lab",
        "name": "C311 \u2014 VLSI Lab",
        "label": "C311 \u2014 VLSI Lab",
        "popupTitle": "C311 \u2014 VLSI Lab",
        "tooltip": "C311 \u2014 VLSI Lab",
        "featureClass": "building-room",
        "coordinateReference": "WGS84",
        "geometrySource": "Building C supplied floor-plan blueprint",
        "ulpin": "3D-JSPM-NTC-F03-C-BLOCK-C311",
        "unitGapMeters": 0.2,
        "unitInsetMeters": 0.1,
        "gapRendering": "actual-geometry-inset",
        "gapNote": "Unit footprint inset to create a visible separation from adjacent units; floor/elevation/height metadata unchanged.",
        "unitNumber": "C311",
        "fillColor": "#3b82f6",
        "renderColor": "#3b82f6",
        "mapFillColor": "#3b82f6",
        "wireColor": "#1d4ed8",
        "colorClass": "lab",
        "colorSource": "VolumetricViewer.getSpaceStyle"
      }
    },
    {
      "type": "Feature",
      "geometry": {
        "type": "Polygon",
        "coordinates": [
          [
            [
              73.83074915951923,
              18.441419088204523
            ],
            [
              73.83082059433131,
              18.441434797048878
            ],
            [
              73.83084132029016,
              18.44136302705049
            ],
            [
              73.83076988547806,
              18.441347318206287
            ],
            [
              73.83074915951923,
              18.441419088204523
            ]
          ]
        ]
      },
      "properties": {
        "id": "C312",
        "displayLabel": "Class Room",
        "floorNumber": 3,
        "spaceType": "Classroom",
        "role": "unit",
        "xMin": 21.362,
        "yMin": 8.5,
        "xMax": 29.5,
        "yMax": 17.07,
        "widthMeters": 8.138,
        "depthMeters": 8.57,
        "areaApproxSqm": 69.74,
        "elevationMeters": 6.4,
        "heightMeters": 3.2,
        "coordinateSystem": "WGS84",
        "visibleUnit": true,
        "placementMethod": "single-building orthogonal transform",
        "floorPlanSource": "Building C supplied floor-plan blueprint",
        "labelText": "C312 \u2014 Class Room",
        "labelVisible": true,
        "roomNumber": "C312",
        "roomName": "Class Room",
        "name": "C312 \u2014 Class Room",
        "label": "C312 \u2014 Class Room",
        "popupTitle": "C312 \u2014 Class Room",
        "tooltip": "C312 \u2014 Class Room",
        "featureClass": "building-room",
        "coordinateReference": "WGS84",
        "geometrySource": "Building C supplied floor-plan blueprint",
        "ulpin": "3D-JSPM-NTC-F03-C-BLOCK-C312",
        "unitGapMeters": 0.2,
        "unitInsetMeters": 0.1,
        "gapRendering": "actual-geometry-inset",
        "gapNote": "Unit footprint inset to create a visible separation from adjacent units; floor/elevation/height metadata unchanged.",
        "unitNumber": "C312",
        "fillColor": "#3b82f6",
        "renderColor": "#3b82f6",
        "mapFillColor": "#3b82f6",
        "wireColor": "#1e3a8a",
        "colorClass": "room",
        "colorSource": "VolumetricViewer.getSpaceStyle"
      }
    },
    {
      "type": "Feature",
      "geometry": {
        "type": "Polygon",
        "coordinates": [
          [
            [
              73.83070590513584,
              18.44156874983439
            ],
            [
              73.83077760994166,
              18.44158460232745
            ],
            [
              73.83081969538141,
              18.441438089667805
            ],
            [
              73.83074799057562,
              18.4414222371749
            ],
            [
              73.83070590513584,
              18.44156874983439
            ]
          ]
        ]
      },
      "properties": {
        "id": "C313",
        "displayLabel": "Padma Vibhushan Vikram Sarabhai Seminar Hall",
        "floorNumber": 3,
        "spaceType": "Hall",
        "role": "unit",
        "xMin": 5.086,
        "yMin": 8.5,
        "xMax": 21.362,
        "yMax": 17.07,
        "widthMeters": 16.276,
        "depthMeters": 8.57,
        "areaApproxSqm": 139.48,
        "elevationMeters": 6.4,
        "heightMeters": 3.2,
        "coordinateSystem": "WGS84",
        "visibleUnit": true,
        "placementMethod": "single-building orthogonal transform",
        "floorPlanSource": "Building C supplied floor-plan blueprint",
        "labelText": "C313 \u2014 Padma Vibhushan Vikram Sarabhai Seminar Hall",
        "labelVisible": true,
        "roomNumber": "C313",
        "roomName": "Padma Vibhushan Vikram Sarabhai Seminar Hall",
        "name": "C313 \u2014 Padma Vibhushan Vikram Sarabhai Seminar Hall",
        "label": "C313 \u2014 Padma Vibhushan Vikram Sarabhai Seminar Hall",
        "popupTitle": "C313 \u2014 Padma Vibhushan Vikram Sarabhai Seminar Hall",
        "tooltip": "C313 \u2014 Padma Vibhushan Vikram Sarabhai Seminar Hall",
        "featureClass": "building-room",
        "coordinateReference": "WGS84",
        "geometrySource": "Building C supplied floor-plan blueprint",
        "ulpin": "3D-JSPM-NTC-F03-C-BLOCK-C313",
        "unitGapMeters": 0.2,
        "unitInsetMeters": 0.1,
        "gapRendering": "actual-geometry-inset",
        "gapNote": "Unit footprint inset to create a visible separation from adjacent units; floor/elevation/height metadata unchanged.",
        "unitNumber": "C313",
        "fillColor": "#eab308",
        "renderColor": "#eab308",
        "mapFillColor": "#eab308",
        "wireColor": "#ca8a04",
        "colorClass": "hall",
        "colorSource": "VolumetricViewer.getSpaceStyle"
      }
    },
    {
      "type": "Feature",
      "geometry": {
        "type": "Polygon",
        "coordinates": [
          [
            [
              73.8306923928501,
              18.441615782508546
            ],
            [
              73.83076369170375,
              18.441631350380774
            ],
            [
              73.83077643895093,
              18.441587521831625
            ],
            [
              73.83070514009731,
              18.441571953959535
            ],
            [
              73.8306923928501,
              18.441615782508546
            ]
          ]
        ]
      },
      "properties": {
        "id": "C314",
        "displayLabel": "Ladies Toilet",
        "floorNumber": 3,
        "spaceType": "Restroom",
        "role": "unit",
        "xMin": 0,
        "yMin": 8.5,
        "xMax": 5.086,
        "yMax": 17.07,
        "widthMeters": 5.086,
        "depthMeters": 8.57,
        "areaApproxSqm": 43.59,
        "elevationMeters": 6.4,
        "heightMeters": 3.2,
        "coordinateSystem": "WGS84",
        "visibleUnit": true,
        "placementMethod": "single-building orthogonal transform",
        "floorPlanSource": "Building C supplied floor-plan blueprint",
        "labelText": "C314 \u2014 Ladies Toilet",
        "labelVisible": true,
        "roomNumber": "C314",
        "roomName": "Ladies Toilet",
        "name": "C314 \u2014 Ladies Toilet",
        "label": "C314 \u2014 Ladies Toilet",
        "popupTitle": "C314 \u2014 Ladies Toilet",
        "tooltip": "C314 \u2014 Ladies Toilet",
        "featureClass": "building-room",
        "coordinateReference": "WGS84",
        "geometrySource": "Building C supplied floor-plan blueprint",
        "ulpin": "3D-JSPM-NTC-F03-C-BLOCK-C314",
        "unitGapMeters": 0.2,
        "unitInsetMeters": 0.1,
        "gapRendering": "actual-geometry-inset",
        "gapNote": "Unit footprint inset to create a visible separation from adjacent units; floor/elevation/height metadata unchanged.",
        "unitNumber": "C314",
        "fillColor": "#ec4899",
        "renderColor": "#ec4899",
        "mapFillColor": "#ec4899",
        "wireColor": "#be185d",
        "colorClass": "restroom",
        "colorSource": "VolumetricViewer.getSpaceStyle"
      }
    },
    {
      "type": "Feature",
      "geometry": {
        "type": "Polygon",
        "coordinates": [
          [
            [
              73.8306645395403,
              18.441630086319957
            ],
            [
              73.83068285113069,
              18.441635854470963
            ],
            [
              73.83068905906418,
              18.441614636310238
            ],
            [
              73.83067000278868,
              18.441609560769766
            ],
            [
              73.8306645395403,
              18.441630086319957
            ]
          ]
        ]
      },
      "properties": {
        "id": "F3-LIFT",
        "displayLabel": "Lift",
        "floorNumber": 3,
        "spaceType": "Lift",
        "role": "vertical-circulation",
        "xMin": 0,
        "yMin": 6.7,
        "xMax": 2.6,
        "yMax": 10.9,
        "widthMeters": 2.6,
        "depthMeters": 4.2,
        "areaApproxSqm": 10.92,
        "elevationMeters": 6.4,
        "heightMeters": 3.2,
        "coordinateSystem": "WGS84",
        "visibleUnit": true,
        "placementMethod": "single-building orthogonal transform",
        "floorPlanSource": "Building C supplied floor-plan blueprint",
        "name": "Lift",
        "label": "Lift",
        "labelText": "Lift",
        "popupTitle": "Lift",
        "tooltip": "Lift",
        "featureClass": "building-circulation",
        "coordinateReference": "WGS84",
        "geometrySource": "Building C supplied floor-plan blueprint",
        "ulpin": "3D-JSPM-NTC-F03-C-BLOCK-F3-LIFT",
        "unitNumber": "F3-LIFT",
        "fillColor": "#06b6d4",
        "renderColor": "#06b6d4",
        "mapFillColor": "#06b6d4",
        "wireColor": "#0e7490",
        "colorClass": "lift",
        "colorSource": "VolumetricViewer.getSpaceStyle",
        "unitGapMeters": 0.2,
        "unitInsetMeters": 0.1,
        "gapRendering": "actual-geometry-inset"
      }
    },
    {
      "type": "Feature",
      "geometry": {
        "type": "Polygon",
        "coordinates": [
          [
            [
              73.8307700283971,
              18.441344659749543
            ],
            [
              73.83084293169001,
              18.441360691629917
            ],
            [
              73.83086371631917,
              18.441288717972352
            ],
            [
              73.83079081302621,
              18.441272686092137
            ],
            [
              73.8307700283971,
              18.441344659749543
            ]
          ]
        ]
      },
      "properties": {
        "id": "F3-STAIRS-C",
        "displayLabel": "Central Stair",
        "floorNumber": 3,
        "spaceType": "Stairs",
        "role": "vertical-circulation",
        "xMin": 29.5,
        "yMin": 8.5,
        "xMax": 37.5,
        "yMax": 17.07,
        "widthMeters": 8,
        "depthMeters": 8.57,
        "areaApproxSqm": 68.56,
        "elevationMeters": 6.4,
        "heightMeters": 3.2,
        "coordinateSystem": "WGS84",
        "visibleUnit": true,
        "placementMethod": "single-building orthogonal transform",
        "floorPlanSource": "Building C supplied floor-plan blueprint",
        "name": "Central Stair",
        "label": "Central Stair",
        "labelText": "Central Stair",
        "popupTitle": "Central Stair",
        "tooltip": "Central Stair",
        "featureClass": "building-circulation",
        "coordinateReference": "WGS84",
        "geometrySource": "Building C supplied floor-plan blueprint",
        "ulpin": "3D-JSPM-NTC-F03-C-BLOCK-F3-STAIRS-C",
        "unitNumber": "F3-STAIRS-C",
        "fillColor": "#f97316",
        "renderColor": "#f97316",
        "mapFillColor": "#f97316",
        "wireColor": "#c2410c",
        "colorClass": "stairs",
        "colorSource": "VolumetricViewer.getSpaceStyle",
        "unitGapMeters": 0.2,
        "unitInsetMeters": 0.1,
        "gapRendering": "actual-geometry-inset"
      }
    },
    {
      "type": "Feature",
      "geometry": {
        "type": "Polygon",
        "coordinates": [
          [
            [
              73.83078320121578,
              18.441026355853435
            ],
            [
              73.83083458787229,
              18.441037656093744
            ],
            [
              73.83084740011284,
              18.440993289470363
            ],
            [
              73.83079601345631,
              18.440981989230146
            ],
            [
              73.83078320121578,
              18.441026355853435
            ]
          ]
        ]
      },
      "properties": {
        "id": "F3-STAIRS-E",
        "displayLabel": "East Stair",
        "floorNumber": 3,
        "spaceType": "Stairs",
        "role": "vertical-circulation",
        "xMin": 62.32,
        "yMin": 0,
        "xMax": 67.32,
        "yMax": 6.1,
        "widthMeters": 5,
        "depthMeters": 6.1,
        "areaApproxSqm": 30.5,
        "elevationMeters": 6.4,
        "heightMeters": 3.2,
        "coordinateSystem": "WGS84",
        "visibleUnit": true,
        "placementMethod": "single-building orthogonal transform",
        "floorPlanSource": "Building C supplied floor-plan blueprint",
        "name": "East Stair",
        "label": "East Stair",
        "labelText": "East Stair",
        "popupTitle": "East Stair",
        "tooltip": "East Stair",
        "featureClass": "building-circulation",
        "coordinateReference": "WGS84",
        "geometrySource": "Building C supplied floor-plan blueprint",
        "ulpin": "3D-JSPM-NTC-F03-C-BLOCK-F3-STAIRS-E",
        "unitNumber": "F3-STAIRS-E",
        "fillColor": "#f97316",
        "renderColor": "#f97316",
        "mapFillColor": "#f97316",
        "wireColor": "#c2410c",
        "colorClass": "stairs",
        "colorSource": "VolumetricViewer.getSpaceStyle",
        "unitGapMeters": 0.2,
        "unitInsetMeters": 0.1,
        "gapRendering": "actual-geometry-inset"
      }
    },
    {
      "type": "Feature",
      "geometry": {
        "type": "Polygon",
        "coordinates": [
          [
            [
              73.83061758814571,
              18.441599845920802
            ],
            [
              73.83066897480263,
              18.4416111461612
            ],
            [
              73.83068178704468,
              18.44156677953261
            ],
            [
              73.83063040038772,
              18.44155547929232
            ],
            [
              73.83061758814571,
              18.441599845920802
            ]
          ]
        ]
      },
      "properties": {
        "id": "F3-STAIRS-W",
        "displayLabel": "West Stair",
        "floorNumber": 3,
        "spaceType": "Stairs",
        "role": "vertical-circulation",
        "xMin": 0,
        "yMin": 0,
        "xMax": 5,
        "yMax": 6.1,
        "widthMeters": 5,
        "depthMeters": 6.1,
        "areaApproxSqm": 30.5,
        "elevationMeters": 6.4,
        "heightMeters": 3.2,
        "coordinateSystem": "WGS84",
        "visibleUnit": true,
        "placementMethod": "single-building orthogonal transform",
        "floorPlanSource": "Building C supplied floor-plan blueprint",
        "name": "West Stair",
        "label": "West Stair",
        "labelText": "West Stair",
        "popupTitle": "West Stair",
        "tooltip": "West Stair",
        "featureClass": "building-circulation",
        "coordinateReference": "WGS84",
        "geometrySource": "Building C supplied floor-plan blueprint",
        "ulpin": "3D-JSPM-NTC-F03-C-BLOCK-F3-STAIRS-W",
        "unitNumber": "F3-STAIRS-W",
        "fillColor": "#f97316",
        "renderColor": "#f97316",
        "mapFillColor": "#f97316",
        "wireColor": "#c2410c",
        "colorClass": "stairs",
        "colorSource": "VolumetricViewer.getSpaceStyle",
        "unitGapMeters": 0.2,
        "unitInsetMeters": 0.1,
        "gapRendering": "actual-geometry-inset"
      }
    },
    {
      "type": "Feature",
      "geometry": {
        "type": "Polygon",
        "coordinates": [
          [
            [
              73.83063163160202,
              18.441553306430286
            ],
            [
              73.8306816817385,
              18.44156436714995
            ],
            [
              73.83070277815919,
              18.44149095281448
            ],
            [
              73.83065272802271,
              18.441479892094915
            ],
            [
              73.83063163160202,
              18.441553306430286
            ]
          ]
        ]
      },
      "properties": {
        "id": "C401",
        "displayLabel": "Class Room",
        "floorNumber": 4,
        "spaceType": "Classroom",
        "role": "unit",
        "xMin": 5,
        "yMin": 0,
        "xMax": 13.326,
        "yMax": 6.1,
        "widthMeters": 8.326,
        "depthMeters": 6.1,
        "areaApproxSqm": 50.79,
        "elevationMeters": 9.6,
        "heightMeters": 3.2,
        "coordinateSystem": "WGS84",
        "visibleUnit": true,
        "placementMethod": "single-building orthogonal transform",
        "floorPlanSource": "Building C supplied floor-plan blueprint",
        "labelText": "C401 \u2014 Class Room",
        "labelVisible": true,
        "roomNumber": "C401",
        "roomName": "Class Room",
        "name": "C401 \u2014 Class Room",
        "label": "C401 \u2014 Class Room",
        "popupTitle": "C401 \u2014 Class Room",
        "tooltip": "C401 \u2014 Class Room",
        "featureClass": "building-room",
        "coordinateReference": "WGS84",
        "geometrySource": "Building C supplied floor-plan blueprint",
        "ulpin": "3D-JSPM-NTC-F04-C-BLOCK-C401",
        "unitGapMeters": 0.2,
        "unitInsetMeters": 0.1,
        "gapRendering": "actual-geometry-inset",
        "gapNote": "Unit footprint inset to create a visible separation from adjacent units; floor/elevation/height metadata unchanged.",
        "unitNumber": "C401",
        "fillColor": "#3b82f6",
        "renderColor": "#3b82f6",
        "mapFillColor": "#3b82f6",
        "wireColor": "#1e3a8a",
        "colorClass": "room",
        "colorSource": "VolumetricViewer.getSpaceStyle"
      }
    },
    {
      "type": "Feature",
      "geometry": {
        "type": "Polygon",
        "coordinates": [
          [
            [
              73.83065375763542,
              18.441476687715564
            ],
            [
              73.83070380777241,
              18.44148774843523
            ],
            [
              73.83072490419313,
              18.44141433410046
            ],
            [
              73.83067485405616,
              18.44140327338089
            ],
            [
              73.83065375763542,
              18.441476687715564
            ]
          ]
        ]
      },
      "properties": {
        "id": "C402",
        "displayLabel": "Class Room",
        "floorNumber": 4,
        "spaceType": "Classroom",
        "role": "unit",
        "xMin": 13.326,
        "yMin": 0,
        "xMax": 21.652,
        "yMax": 6.1,
        "widthMeters": 8.326,
        "depthMeters": 6.1,
        "areaApproxSqm": 50.79,
        "elevationMeters": 9.6,
        "heightMeters": 3.2,
        "coordinateSystem": "WGS84",
        "visibleUnit": true,
        "placementMethod": "single-building orthogonal transform",
        "floorPlanSource": "Building C supplied floor-plan blueprint",
        "labelText": "C402 \u2014 Class Room",
        "labelVisible": true,
        "roomNumber": "C402",
        "roomName": "Class Room",
        "name": "C402 \u2014 Class Room",
        "label": "C402 \u2014 Class Room",
        "popupTitle": "C402 \u2014 Class Room",
        "tooltip": "C402 \u2014 Class Room",
        "featureClass": "building-room",
        "coordinateReference": "WGS84",
        "geometrySource": "Building C supplied floor-plan blueprint",
        "ulpin": "3D-JSPM-NTC-F04-C-BLOCK-C402",
        "unitGapMeters": 0.2,
        "unitInsetMeters": 0.1,
        "gapRendering": "actual-geometry-inset",
        "gapNote": "Unit footprint inset to create a visible separation from adjacent units; floor/elevation/height metadata unchanged.",
        "unitNumber": "C402",
        "fillColor": "#3b82f6",
        "renderColor": "#3b82f6",
        "mapFillColor": "#3b82f6",
        "wireColor": "#1e3a8a",
        "colorClass": "room",
        "colorSource": "VolumetricViewer.getSpaceStyle"
      }
    },
    {
      "type": "Feature",
      "geometry": {
        "type": "Polygon",
        "coordinates": [
          [
            [
              73.83067588378931,
              18.441400075525355
            ],
            [
              73.83072591854696,
              18.441411128168912
            ],
            [
              73.83074617706109,
              18.44134065952287
            ],
            [
              73.83069614230345,
              18.44132960687943
            ],
            [
              73.83067588378931,
              18.441400075525355
            ]
          ]
        ]
      },
      "properties": {
        "id": "C403",
        "displayLabel": "Smart Class Room",
        "floorNumber": 4,
        "spaceType": "Classroom",
        "role": "unit",
        "xMin": 21.652,
        "yMin": 0,
        "xMax": 29.657,
        "yMax": 6.1,
        "widthMeters": 8.006,
        "depthMeters": 6.1,
        "areaApproxSqm": 48.83,
        "elevationMeters": 9.6,
        "heightMeters": 3.2,
        "coordinateSystem": "WGS84",
        "visibleUnit": true,
        "placementMethod": "single-building orthogonal transform",
        "floorPlanSource": "Building C supplied floor-plan blueprint",
        "labelText": "C403 \u2014 Smart Class Room",
        "labelVisible": true,
        "roomNumber": "C403",
        "roomName": "Smart Class Room",
        "name": "C403 \u2014 Smart Class Room",
        "label": "C403 \u2014 Smart Class Room",
        "popupTitle": "C403 \u2014 Smart Class Room",
        "tooltip": "C403 \u2014 Smart Class Room",
        "featureClass": "building-room",
        "coordinateReference": "WGS84",
        "geometrySource": "Building C supplied floor-plan blueprint",
        "ulpin": "3D-JSPM-NTC-F04-C-BLOCK-C403",
        "unitGapMeters": 0.2,
        "unitInsetMeters": 0.1,
        "gapRendering": "actual-geometry-inset",
        "gapNote": "Unit footprint inset to create a visible separation from adjacent units; floor/elevation/height metadata unchanged.",
        "unitNumber": "C403",
        "fillColor": "#3b82f6",
        "renderColor": "#3b82f6",
        "mapFillColor": "#3b82f6",
        "wireColor": "#1e3a8a",
        "colorClass": "room",
        "colorSource": "VolumetricViewer.getSpaceStyle"
      }
    },
    {
      "type": "Feature",
      "geometry": {
        "type": "Polygon",
        "coordinates": [
          [
            [
              73.83069715677684,
              18.441326410741986
            ],
            [
              73.83074719158346,
              18.44133746341155
            ],
            [
              73.83076745270742,
              18.44126698559047
            ],
            [
              73.83071741790076,
              18.441255932921027
            ],
            [
              73.83069715677684,
              18.441326410741986
            ]
          ]
        ]
      },
      "properties": {
        "id": "C404",
        "displayLabel": "HOD Mech Engg / Department Office / Faculty Room",
        "floorNumber": 4,
        "spaceType": "Office",
        "role": "unit",
        "xMin": 29.657,
        "yMin": 0,
        "xMax": 37.663,
        "yMax": 6.1,
        "widthMeters": 8.006,
        "depthMeters": 6.1,
        "areaApproxSqm": 48.83,
        "elevationMeters": 9.6,
        "heightMeters": 3.2,
        "coordinateSystem": "WGS84",
        "visibleUnit": true,
        "placementMethod": "single-building orthogonal transform",
        "floorPlanSource": "Building C supplied floor-plan blueprint",
        "labelText": "C404 \u2014 HOD Mech Engg / Department Office / Faculty Room",
        "labelVisible": true,
        "roomNumber": "C404",
        "roomName": "HOD Mech Engg / Department Office / Faculty Room",
        "name": "C404 \u2014 HOD Mech Engg / Department Office / Faculty Room",
        "label": "C404 \u2014 HOD Mech Engg / Department Office / Faculty Room",
        "popupTitle": "C404 \u2014 HOD Mech Engg / Department Office / Faculty Room",
        "tooltip": "C404 \u2014 HOD Mech Engg / Department Office / Faculty Room",
        "featureClass": "building-room",
        "coordinateReference": "WGS84",
        "geometrySource": "Building C supplied floor-plan blueprint",
        "ulpin": "3D-JSPM-NTC-F04-C-BLOCK-C404",
        "unitGapMeters": 0.2,
        "unitInsetMeters": 0.1,
        "gapRendering": "actual-geometry-inset",
        "gapNote": "Unit footprint inset to create a visible separation from adjacent units; floor/elevation/height metadata unchanged.",
        "unitNumber": "C404",
        "fillColor": "#10b981",
        "renderColor": "#10b981",
        "mapFillColor": "#10b981",
        "wireColor": "#047857",
        "colorClass": "office",
        "colorSource": "VolumetricViewer.getSpaceStyle"
      }
    },
    {
      "type": "Feature",
      "geometry": {
        "type": "Polygon",
        "coordinates": [
          [
            [
              73.83071843230202,
              18.441252730273813
            ],
            [
              73.83076848244065,
              18.441263790993457
            ],
            [
              73.83078957886148,
              18.441190376660707
            ],
            [
              73.83073952872293,
              18.44117931594118
            ],
            [
              73.83071843230202,
              18.441252730273813
            ]
          ]
        ]
      },
      "properties": {
        "id": "C405",
        "displayLabel": "Self Learning Lab / Departmental Library",
        "floorNumber": 4,
        "spaceType": "Lab",
        "role": "unit",
        "xMin": 37.663,
        "yMin": 0,
        "xMax": 45.989,
        "yMax": 6.1,
        "widthMeters": 8.326,
        "depthMeters": 6.1,
        "areaApproxSqm": 50.79,
        "elevationMeters": 9.6,
        "heightMeters": 3.2,
        "coordinateSystem": "WGS84",
        "visibleUnit": true,
        "placementMethod": "single-building orthogonal transform",
        "floorPlanSource": "Building C supplied floor-plan blueprint",
        "labelText": "C405 \u2014 Self Learning Lab / Departmental Library",
        "labelVisible": true,
        "roomNumber": "C405",
        "roomName": "Self Learning Lab / Departmental Library",
        "name": "C405 \u2014 Self Learning Lab / Departmental Library",
        "label": "C405 \u2014 Self Learning Lab / Departmental Library",
        "popupTitle": "C405 \u2014 Self Learning Lab / Departmental Library",
        "tooltip": "C405 \u2014 Self Learning Lab / Departmental Library",
        "featureClass": "building-room",
        "coordinateReference": "WGS84",
        "geometrySource": "Building C supplied floor-plan blueprint",
        "ulpin": "3D-JSPM-NTC-F04-C-BLOCK-C405",
        "unitGapMeters": 0.2,
        "unitInsetMeters": 0.1,
        "gapRendering": "actual-geometry-inset",
        "gapNote": "Unit footprint inset to create a visible separation from adjacent units; floor/elevation/height metadata unchanged.",
        "unitNumber": "C405",
        "fillColor": "#3b82f6",
        "renderColor": "#3b82f6",
        "mapFillColor": "#3b82f6",
        "wireColor": "#1d4ed8",
        "colorClass": "lab",
        "colorSource": "VolumetricViewer.getSpaceStyle"
      }
    },
    {
      "type": "Feature",
      "geometry": {
        "type": "Polygon",
        "coordinates": [
          [
            [
              73.8307405583358,
              18.44117611157875
            ],
            [
              73.83079060842758,
              18.441187172274052
            ],
            [
              73.83081170223764,
              18.441113767119464
            ],
            [
              73.83076165214588,
              18.441102706424264
            ],
            [
              73.8307405583358,
              18.44117611157875
            ]
          ]
        ]
      },
      "properties": {
        "id": "C406",
        "displayLabel": "Theory of Machines Lab",
        "floorNumber": 4,
        "spaceType": "Lab",
        "role": "unit",
        "xMin": 45.989,
        "yMin": 0,
        "xMax": 54.314,
        "yMax": 6.1,
        "widthMeters": 8.326,
        "depthMeters": 6.1,
        "areaApproxSqm": 50.79,
        "elevationMeters": 9.6,
        "heightMeters": 3.2,
        "coordinateSystem": "WGS84",
        "visibleUnit": true,
        "placementMethod": "single-building orthogonal transform",
        "floorPlanSource": "Building C supplied floor-plan blueprint",
        "labelText": "C406 \u2014 Theory of Machines Lab",
        "labelVisible": true,
        "roomNumber": "C406",
        "roomName": "Theory of Machines Lab",
        "name": "C406 \u2014 Theory of Machines Lab",
        "label": "C406 \u2014 Theory of Machines Lab",
        "popupTitle": "C406 \u2014 Theory of Machines Lab",
        "tooltip": "C406 \u2014 Theory of Machines Lab",
        "featureClass": "building-room",
        "coordinateReference": "WGS84",
        "geometrySource": "Building C supplied floor-plan blueprint",
        "ulpin": "3D-JSPM-NTC-F04-C-BLOCK-C406",
        "unitGapMeters": 0.2,
        "unitInsetMeters": 0.1,
        "gapRendering": "actual-geometry-inset",
        "gapNote": "Unit footprint inset to create a visible separation from adjacent units; floor/elevation/height metadata unchanged.",
        "unitNumber": "C406",
        "fillColor": "#3b82f6",
        "renderColor": "#3b82f6",
        "mapFillColor": "#3b82f6",
        "wireColor": "#1d4ed8",
        "colorClass": "lab",
        "colorSource": "VolumetricViewer.getSpaceStyle"
      }
    },
    {
      "type": "Feature",
      "geometry": {
        "type": "Polygon",
        "coordinates": [
          [
            [
              73.8307626818315,
              18.441099508550217
            ],
            [
              73.83081271663976,
              18.44111056121974
            ],
            [
              73.8308329777638,
              18.441040083400736
            ],
            [
              73.83078294295555,
              18.441029030731315
            ],
            [
              73.8307626818315,
              18.441099508550217
            ]
          ]
        ]
      },
      "properties": {
        "id": "C407",
        "displayLabel": "Refrigeration & Air Conditioning Lab",
        "floorNumber": 4,
        "spaceType": "Lab",
        "role": "unit",
        "xMin": 54.314,
        "yMin": 0,
        "xMax": 62.32,
        "yMax": 6.1,
        "widthMeters": 8.006,
        "depthMeters": 6.1,
        "areaApproxSqm": 48.83,
        "elevationMeters": 9.6,
        "heightMeters": 3.2,
        "coordinateSystem": "WGS84",
        "visibleUnit": true,
        "placementMethod": "single-building orthogonal transform",
        "floorPlanSource": "Building C supplied floor-plan blueprint",
        "labelText": "C407 \u2014 Refrigeration & Air Conditioning Lab",
        "labelVisible": true,
        "roomNumber": "C407",
        "roomName": "Refrigeration & Air Conditioning Lab",
        "name": "C407 \u2014 Refrigeration & Air Conditioning Lab",
        "label": "C407 \u2014 Refrigeration & Air Conditioning Lab",
        "popupTitle": "C407 \u2014 Refrigeration & Air Conditioning Lab",
        "tooltip": "C407 \u2014 Refrigeration & Air Conditioning Lab",
        "featureClass": "building-room",
        "coordinateReference": "WGS84",
        "geometrySource": "Building C supplied floor-plan blueprint",
        "ulpin": "3D-JSPM-NTC-F04-C-BLOCK-C407",
        "unitGapMeters": 0.2,
        "unitInsetMeters": 0.1,
        "gapRendering": "actual-geometry-inset",
        "gapNote": "Unit footprint inset to create a visible separation from adjacent units; floor/elevation/height metadata unchanged.",
        "unitNumber": "C407",
        "fillColor": "#3b82f6",
        "renderColor": "#3b82f6",
        "mapFillColor": "#3b82f6",
        "wireColor": "#1d4ed8",
        "colorClass": "lab",
        "colorSource": "VolumetricViewer.getSpaceStyle"
      }
    },
    {
      "type": "Feature",
      "geometry": {
        "type": "Polygon",
        "coordinates": [
          [
            [
              73.83085763115882,
              18.441043587034034
            ],
            [
              73.83092893269549,
              18.44105915854195
            ],
            [
              73.8309418235377,
              18.441014827590728
            ],
            [
              73.83087052200104,
              18.440999256082954
            ],
            [
              73.83085763115882,
              18.441043587034034
            ]
          ]
        ]
      },
      "properties": {
        "id": "C408",
        "displayLabel": "Ladies Toilet",
        "floorNumber": 4,
        "spaceType": "Restroom",
        "role": "unit",
        "xMin": 62.179,
        "yMin": 8.5,
        "xMax": 67.32,
        "yMax": 17.07,
        "widthMeters": 5.141,
        "depthMeters": 8.57,
        "areaApproxSqm": 44.06,
        "elevationMeters": 9.6,
        "heightMeters": 3.2,
        "coordinateSystem": "WGS84",
        "visibleUnit": true,
        "placementMethod": "single-building orthogonal transform",
        "floorPlanSource": "Building C supplied floor-plan blueprint",
        "labelText": "C408 \u2014 Ladies Toilet",
        "labelVisible": true,
        "roomNumber": "C408",
        "roomName": "Ladies Toilet",
        "name": "C408 \u2014 Ladies Toilet",
        "label": "C408 \u2014 Ladies Toilet",
        "popupTitle": "C408 \u2014 Ladies Toilet",
        "tooltip": "C408 \u2014 Ladies Toilet",
        "featureClass": "building-room",
        "coordinateReference": "WGS84",
        "geometrySource": "Building C supplied floor-plan blueprint",
        "ulpin": "3D-JSPM-NTC-F04-C-BLOCK-C408",
        "unitGapMeters": 0.2,
        "unitInsetMeters": 0.1,
        "gapRendering": "actual-geometry-inset",
        "gapNote": "Unit footprint inset to create a visible separation from adjacent units; floor/elevation/height metadata unchanged.",
        "unitNumber": "C408",
        "fillColor": "#ec4899",
        "renderColor": "#ec4899",
        "mapFillColor": "#ec4899",
        "wireColor": "#be185d",
        "colorClass": "restroom",
        "colorSource": "VolumetricViewer.getSpaceStyle"
      }
    },
    {
      "type": "Feature",
      "geometry": {
        "type": "Polygon",
        "coordinates": [
          [
            [
              73.83084670228186,
              18.44108150022725
            ],
            [
              73.83091795217345,
              18.44109699260048
            ],
            [
              73.8309281602557,
              18.44106204061273
            ],
            [
              73.83085691036408,
              18.441046548239623
            ],
            [
              73.83084670228186,
              18.44108150022725
            ]
          ]
        ]
      },
      "properties": {
        "id": "C409",
        "displayLabel": "Faculty Room",
        "floorNumber": 4,
        "spaceType": "Office",
        "role": "unit",
        "xMin": 58.066,
        "yMin": 8.5,
        "xMax": 62.179,
        "yMax": 17.07,
        "widthMeters": 4.113,
        "depthMeters": 8.57,
        "areaApproxSqm": 35.25,
        "elevationMeters": 9.6,
        "heightMeters": 3.2,
        "coordinateSystem": "WGS84",
        "visibleUnit": true,
        "placementMethod": "single-building orthogonal transform",
        "floorPlanSource": "Building C supplied floor-plan blueprint",
        "labelText": "C409 \u2014 Faculty Room",
        "labelVisible": true,
        "roomNumber": "C409",
        "roomName": "Faculty Room",
        "name": "C409 \u2014 Faculty Room",
        "label": "C409 \u2014 Faculty Room",
        "popupTitle": "C409 \u2014 Faculty Room",
        "tooltip": "C409 \u2014 Faculty Room",
        "featureClass": "building-room",
        "coordinateReference": "WGS84",
        "geometrySource": "Building C supplied floor-plan blueprint",
        "ulpin": "3D-JSPM-NTC-F04-C-BLOCK-C409",
        "unitGapMeters": 0.2,
        "unitInsetMeters": 0.1,
        "gapRendering": "actual-geometry-inset",
        "gapNote": "Unit footprint inset to create a visible separation from adjacent units; floor/elevation/height metadata unchanged.",
        "unitNumber": "C409",
        "fillColor": "#10b981",
        "renderColor": "#10b981",
        "mapFillColor": "#10b981",
        "wireColor": "#047857",
        "colorClass": "office",
        "colorSource": "VolumetricViewer.getSpaceStyle"
      }
    },
    {
      "type": "Feature",
      "geometry": {
        "type": "Polygon",
        "coordinates": [
          [
            [
              73.83083576947934,
              18.441119358596723
            ],
            [
              73.83090701942254,
              18.44113485106033
            ],
            [
              73.83091723011331,
              18.441099889962437
            ],
            [
              73.83084598017012,
              18.441084397498994
            ],
            [
              73.83083576947934,
              18.441119358596723
            ]
          ]
        ]
      },
      "properties": {
        "id": "C410",
        "displayLabel": "PG Class Room",
        "floorNumber": 4,
        "spaceType": "Classroom",
        "role": "unit",
        "xMin": 53.952,
        "yMin": 8.5,
        "xMax": 58.066,
        "yMax": 17.07,
        "widthMeters": 4.113,
        "depthMeters": 8.57,
        "areaApproxSqm": 35.25,
        "elevationMeters": 9.6,
        "heightMeters": 3.2,
        "coordinateSystem": "WGS84",
        "visibleUnit": true,
        "placementMethod": "single-building orthogonal transform",
        "floorPlanSource": "Building C supplied floor-plan blueprint",
        "labelText": "C410 \u2014 PG Class Room",
        "labelVisible": true,
        "roomNumber": "C410",
        "roomName": "PG Class Room",
        "name": "C410 \u2014 PG Class Room",
        "label": "C410 \u2014 PG Class Room",
        "popupTitle": "C410 \u2014 PG Class Room",
        "tooltip": "C410 \u2014 PG Class Room",
        "featureClass": "building-room",
        "coordinateReference": "WGS84",
        "geometrySource": "Building C supplied floor-plan blueprint",
        "ulpin": "3D-JSPM-NTC-F04-C-BLOCK-C410",
        "unitGapMeters": 0.2,
        "unitInsetMeters": 0.1,
        "gapRendering": "actual-geometry-inset",
        "gapNote": "Unit footprint inset to create a visible separation from adjacent units; floor/elevation/height metadata unchanged.",
        "unitNumber": "C410",
        "fillColor": "#3b82f6",
        "renderColor": "#3b82f6",
        "mapFillColor": "#3b82f6",
        "wireColor": "#1e3a8a",
        "colorClass": "room",
        "colorSource": "VolumetricViewer.getSpaceStyle"
      }
    },
    {
      "type": "Feature",
      "geometry": {
        "type": "Polygon",
        "coordinates": [
          [
            [
              73.83081390590073,
              18.44119488004511
            ],
            [
              73.83088534428835,
              18.441210591683536
            ],
            [
              73.83090630060335,
              18.441138014731546
            ],
            [
              73.83083486221572,
              18.44112230309328
            ],
            [
              73.83081390590073,
              18.44119488004511
            ]
          ]
        ]
      },
      "properties": {
        "id": "C411",
        "displayLabel": "Hydraulics & Pneumatics Lab",
        "floorNumber": 4,
        "spaceType": "Lab",
        "role": "unit",
        "xMin": 45.726,
        "yMin": 8.5,
        "xMax": 53.952,
        "yMax": 17.07,
        "widthMeters": 8.226,
        "depthMeters": 8.57,
        "areaApproxSqm": 70.5,
        "elevationMeters": 9.6,
        "heightMeters": 3.2,
        "coordinateSystem": "WGS84",
        "visibleUnit": true,
        "placementMethod": "single-building orthogonal transform",
        "floorPlanSource": "Building C supplied floor-plan blueprint",
        "labelText": "C411 \u2014 Hydraulics & Pneumatics Lab",
        "labelVisible": true,
        "roomNumber": "C411",
        "roomName": "Hydraulics & Pneumatics Lab",
        "name": "C411 \u2014 Hydraulics & Pneumatics Lab",
        "label": "C411 \u2014 Hydraulics & Pneumatics Lab",
        "popupTitle": "C411 \u2014 Hydraulics & Pneumatics Lab",
        "tooltip": "C411 \u2014 Hydraulics & Pneumatics Lab",
        "featureClass": "building-room",
        "coordinateReference": "WGS84",
        "geometrySource": "Building C supplied floor-plan blueprint",
        "ulpin": "3D-JSPM-NTC-F04-C-BLOCK-C411",
        "unitGapMeters": 0.2,
        "unitInsetMeters": 0.1,
        "gapRendering": "actual-geometry-inset",
        "gapNote": "Unit footprint inset to create a visible separation from adjacent units; floor/elevation/height metadata unchanged.",
        "unitNumber": "C411",
        "fillColor": "#3b82f6",
        "renderColor": "#3b82f6",
        "mapFillColor": "#3b82f6",
        "wireColor": "#1d4ed8",
        "colorClass": "lab",
        "colorSource": "VolumetricViewer.getSpaceStyle"
      }
    },
    {
      "type": "Feature",
      "geometry": {
        "type": "Polygon",
        "coordinates": [
          [
            [
              73.83079204561362,
              18.44127057852544
            ],
            [
              73.83086348400062,
              18.441286290163866
            ],
            [
              73.83088444031563,
              18.4412137132112
            ],
            [
              73.83081300192863,
              18.441198001572925
            ],
            [
              73.83079204561362,
              18.44127057852544
            ]
          ]
        ]
      },
      "properties": {
        "id": "C412",
        "displayLabel": "CAD Lab-III & PG Dissertation",
        "floorNumber": 4,
        "spaceType": "Lab",
        "role": "unit",
        "xMin": 37.5,
        "yMin": 8.5,
        "xMax": 45.726,
        "yMax": 17.07,
        "widthMeters": 8.226,
        "depthMeters": 8.57,
        "areaApproxSqm": 70.5,
        "elevationMeters": 9.6,
        "heightMeters": 3.2,
        "coordinateSystem": "WGS84",
        "visibleUnit": true,
        "placementMethod": "single-building orthogonal transform",
        "floorPlanSource": "Building C supplied floor-plan blueprint",
        "labelText": "C412 \u2014 CAD Lab-III & PG Dissertation",
        "labelVisible": true,
        "roomNumber": "C412",
        "roomName": "CAD Lab-III & PG Dissertation",
        "name": "C412 \u2014 CAD Lab-III & PG Dissertation",
        "label": "C412 \u2014 CAD Lab-III & PG Dissertation",
        "popupTitle": "C412 \u2014 CAD Lab-III & PG Dissertation",
        "tooltip": "C412 \u2014 CAD Lab-III & PG Dissertation",
        "featureClass": "building-room",
        "coordinateReference": "WGS84",
        "geometrySource": "Building C supplied floor-plan blueprint",
        "ulpin": "3D-JSPM-NTC-F04-C-BLOCK-C412",
        "unitGapMeters": 0.2,
        "unitInsetMeters": 0.1,
        "gapRendering": "actual-geometry-inset",
        "gapNote": "Unit footprint inset to create a visible separation from adjacent units; floor/elevation/height metadata unchanged.",
        "unitNumber": "C412",
        "fillColor": "#3b82f6",
        "renderColor": "#3b82f6",
        "mapFillColor": "#3b82f6",
        "wireColor": "#1d4ed8",
        "colorClass": "lab",
        "colorSource": "VolumetricViewer.getSpaceStyle"
      }
    },
    {
      "type": "Feature",
      "geometry": {
        "type": "Polygon",
        "coordinates": [
          [
            [
              73.83074915951923,
              18.441419088204523
            ],
            [
              73.83082059433131,
              18.441434797048878
            ],
            [
              73.83084132029016,
              18.44136302705049
            ],
            [
              73.83076988547806,
              18.441347318206287
            ],
            [
              73.83074915951923,
              18.441419088204523
            ]
          ]
        ]
      },
      "properties": {
        "id": "C413",
        "displayLabel": "Faculty Room",
        "floorNumber": 4,
        "spaceType": "Office",
        "role": "unit",
        "xMin": 21.362,
        "yMin": 8.5,
        "xMax": 29.5,
        "yMax": 17.07,
        "widthMeters": 8.138,
        "depthMeters": 8.57,
        "areaApproxSqm": 69.74,
        "elevationMeters": 9.6,
        "heightMeters": 3.2,
        "coordinateSystem": "WGS84",
        "visibleUnit": true,
        "placementMethod": "single-building orthogonal transform",
        "floorPlanSource": "Building C supplied floor-plan blueprint",
        "labelText": "C413 \u2014 Faculty Room",
        "labelVisible": true,
        "roomNumber": "C413",
        "roomName": "Faculty Room",
        "name": "C413 \u2014 Faculty Room",
        "label": "C413 \u2014 Faculty Room",
        "popupTitle": "C413 \u2014 Faculty Room",
        "tooltip": "C413 \u2014 Faculty Room",
        "featureClass": "building-room",
        "coordinateReference": "WGS84",
        "geometrySource": "Building C supplied floor-plan blueprint",
        "ulpin": "3D-JSPM-NTC-F04-C-BLOCK-C413",
        "unitGapMeters": 0.2,
        "unitInsetMeters": 0.1,
        "gapRendering": "actual-geometry-inset",
        "gapNote": "Unit footprint inset to create a visible separation from adjacent units; floor/elevation/height metadata unchanged.",
        "unitNumber": "C413",
        "fillColor": "#10b981",
        "renderColor": "#10b981",
        "mapFillColor": "#10b981",
        "wireColor": "#047857",
        "colorClass": "office",
        "colorSource": "VolumetricViewer.getSpaceStyle"
      }
    },
    {
      "type": "Feature",
      "geometry": {
        "type": "Polygon",
        "coordinates": [
          [
            [
              73.83072753308882,
              18.4414939768786
            ],
            [
              73.83079896790032,
              18.441509685722963
            ],
            [
              73.83081969385915,
              18.441437915723892
            ],
            [
              73.83074825904767,
              18.44142220687968
            ],
            [
              73.83072753308882,
              18.4414939768786
            ]
          ]
        ]
      },
      "properties": {
        "id": "C414",
        "displayLabel": "Engine Museum",
        "floorNumber": 4,
        "spaceType": "Facility",
        "role": "unit",
        "xMin": 13.224,
        "yMin": 8.5,
        "xMax": 21.362,
        "yMax": 17.07,
        "widthMeters": 8.138,
        "depthMeters": 8.57,
        "areaApproxSqm": 69.74,
        "elevationMeters": 9.6,
        "heightMeters": 3.2,
        "coordinateSystem": "WGS84",
        "visibleUnit": true,
        "placementMethod": "single-building orthogonal transform",
        "floorPlanSource": "Building C supplied floor-plan blueprint",
        "labelText": "C414 \u2014 Engine Museum",
        "labelVisible": true,
        "roomNumber": "C414",
        "roomName": "Engine Museum",
        "name": "C414 \u2014 Engine Museum",
        "label": "C414 \u2014 Engine Museum",
        "popupTitle": "C414 \u2014 Engine Museum",
        "tooltip": "C414 \u2014 Engine Museum",
        "featureClass": "building-room",
        "coordinateReference": "WGS84",
        "geometrySource": "Building C supplied floor-plan blueprint",
        "ulpin": "3D-JSPM-NTC-F04-C-BLOCK-C414",
        "unitGapMeters": 0.2,
        "unitInsetMeters": 0.1,
        "gapRendering": "actual-geometry-inset",
        "gapNote": "Unit footprint inset to create a visible separation from adjacent units; floor/elevation/height metadata unchanged.",
        "unitNumber": "C414",
        "fillColor": "#3b82f6",
        "renderColor": "#3b82f6",
        "mapFillColor": "#3b82f6",
        "wireColor": "#1e3a8a",
        "colorClass": "room",
        "colorSource": "VolumetricViewer.getSpaceStyle"
      }
    },
    {
      "type": "Feature",
      "geometry": {
        "type": "Polygon",
        "coordinates": [
          [
            [
              73.83071672319575,
              18.441531599304216
            ],
            [
              73.83078797079494,
              18.4415470876717
            ],
            [
              73.8307980641062,
              18.441512536478434
            ],
            [
              73.83072681650698,
              18.44149704811108
            ],
            [
              73.83071672319575,
              18.441531599304216
            ]
          ]
        ]
      },
      "properties": {
        "id": "C415",
        "displayLabel": "UG Tutorial Room",
        "floorNumber": 4,
        "spaceType": "Facility",
        "role": "unit",
        "xMin": 9.155,
        "yMin": 8.5,
        "xMax": 13.224,
        "yMax": 17.07,
        "widthMeters": 4.069,
        "depthMeters": 8.57,
        "areaApproxSqm": 34.87,
        "elevationMeters": 9.6,
        "heightMeters": 3.2,
        "coordinateSystem": "WGS84",
        "visibleUnit": true,
        "placementMethod": "single-building orthogonal transform",
        "floorPlanSource": "Building C supplied floor-plan blueprint",
        "labelText": "C415 \u2014 UG Tutorial Room",
        "labelVisible": true,
        "roomNumber": "C415",
        "roomName": "UG Tutorial Room",
        "name": "C415 \u2014 UG Tutorial Room",
        "label": "C415 \u2014 UG Tutorial Room",
        "popupTitle": "C415 \u2014 UG Tutorial Room",
        "tooltip": "C415 \u2014 UG Tutorial Room",
        "featureClass": "building-room",
        "coordinateReference": "WGS84",
        "geometrySource": "Building C supplied floor-plan blueprint",
        "ulpin": "3D-JSPM-NTC-F04-C-BLOCK-C415",
        "unitGapMeters": 0.2,
        "unitInsetMeters": 0.1,
        "gapRendering": "actual-geometry-inset",
        "gapNote": "Unit footprint inset to create a visible separation from adjacent units; floor/elevation/height metadata unchanged.",
        "unitNumber": "C415",
        "fillColor": "#3b82f6",
        "renderColor": "#3b82f6",
        "mapFillColor": "#3b82f6",
        "wireColor": "#1e3a8a",
        "colorClass": "room",
        "colorSource": "VolumetricViewer.getSpaceStyle"
      }
    },
    {
      "type": "Feature",
      "geometry": {
        "type": "Polygon",
        "coordinates": [
          [
            [
              73.83070590998055,
              18.44156904364126
            ],
            [
              73.83077715757939,
              18.44158453200875
            ],
            [
              73.83078725089068,
              18.44154998081513
            ],
            [
              73.83071600329183,
              18.441534492447772
            ],
            [
              73.83070590998055,
              18.44156904364126
            ]
          ]
        ]
      },
      "properties": {
        "id": "C416",
        "displayLabel": "ETSA",
        "floorNumber": 4,
        "spaceType": "Facility",
        "role": "unit",
        "xMin": 5.086,
        "yMin": 8.5,
        "xMax": 9.155,
        "yMax": 17.07,
        "widthMeters": 4.069,
        "depthMeters": 8.57,
        "areaApproxSqm": 34.87,
        "elevationMeters": 9.6,
        "heightMeters": 3.2,
        "coordinateSystem": "WGS84",
        "visibleUnit": true,
        "placementMethod": "single-building orthogonal transform",
        "floorPlanSource": "Building C supplied floor-plan blueprint",
        "labelText": "C416 \u2014 ETSA",
        "labelVisible": true,
        "roomNumber": "C416",
        "roomName": "ETSA",
        "name": "C416 \u2014 ETSA",
        "label": "C416 \u2014 ETSA",
        "popupTitle": "C416 \u2014 ETSA",
        "tooltip": "C416 \u2014 ETSA",
        "featureClass": "building-room",
        "coordinateReference": "WGS84",
        "geometrySource": "Building C supplied floor-plan blueprint",
        "ulpin": "3D-JSPM-NTC-F04-C-BLOCK-C416",
        "unitGapMeters": 0.2,
        "unitInsetMeters": 0.1,
        "gapRendering": "actual-geometry-inset",
        "gapNote": "Unit footprint inset to create a visible separation from adjacent units; floor/elevation/height metadata unchanged.",
        "unitNumber": "C416",
        "fillColor": "#3b82f6",
        "renderColor": "#3b82f6",
        "mapFillColor": "#3b82f6",
        "wireColor": "#1e3a8a",
        "colorClass": "room",
        "colorSource": "VolumetricViewer.getSpaceStyle"
      }
    },
    {
      "type": "Feature",
      "geometry": {
        "type": "Polygon",
        "coordinates": [
          [
            [
              73.8306923928501,
              18.441615782508546
            ],
            [
              73.83076369170375,
              18.441631350380774
            ],
            [
              73.83077643895093,
              18.441587521831625
            ],
            [
              73.83070514009731,
              18.441571953959535
            ],
            [
              73.8306923928501,
              18.441615782508546
            ]
          ]
        ]
      },
      "properties": {
        "id": "C417",
        "displayLabel": "Gents Toilet",
        "floorNumber": 4,
        "spaceType": "Restroom",
        "role": "unit",
        "xMin": 0,
        "yMin": 8.5,
        "xMax": 5.086,
        "yMax": 17.07,
        "widthMeters": 5.086,
        "depthMeters": 8.57,
        "areaApproxSqm": 43.59,
        "elevationMeters": 9.6,
        "heightMeters": 3.2,
        "coordinateSystem": "WGS84",
        "visibleUnit": true,
        "placementMethod": "single-building orthogonal transform",
        "floorPlanSource": "Building C supplied floor-plan blueprint",
        "labelText": "C417 \u2014 Gents Toilet",
        "labelVisible": true,
        "roomNumber": "C417",
        "roomName": "Gents Toilet",
        "name": "C417 \u2014 Gents Toilet",
        "label": "C417 \u2014 Gents Toilet",
        "popupTitle": "C417 \u2014 Gents Toilet",
        "tooltip": "C417 \u2014 Gents Toilet",
        "featureClass": "building-room",
        "coordinateReference": "WGS84",
        "geometrySource": "Building C supplied floor-plan blueprint",
        "ulpin": "3D-JSPM-NTC-F04-C-BLOCK-C417",
        "unitGapMeters": 0.2,
        "unitInsetMeters": 0.1,
        "gapRendering": "actual-geometry-inset",
        "gapNote": "Unit footprint inset to create a visible separation from adjacent units; floor/elevation/height metadata unchanged.",
        "unitNumber": "C417",
        "fillColor": "#ec4899",
        "renderColor": "#ec4899",
        "mapFillColor": "#ec4899",
        "wireColor": "#be185d",
        "colorClass": "restroom",
        "colorSource": "VolumetricViewer.getSpaceStyle"
      }
    },
    {
      "type": "Feature",
      "geometry": {
        "type": "Polygon",
        "coordinates": [
          [
            [
              73.83066487695027,
              18.441630019897172
            ],
            [
              73.8306837298946,
              18.4416350534503
            ],
            [
              73.83068910319324,
              18.441614208757333
            ],
            [
              73.83067068593466,
              18.4416092617162
            ],
            [
              73.83066487695027,
              18.441630019897172
            ]
          ]
        ]
      },
      "properties": {
        "id": "F4-LIFT",
        "displayLabel": "Lift",
        "floorNumber": 4,
        "spaceType": "Lift",
        "role": "vertical-circulation",
        "xMin": 0,
        "yMin": 6.7,
        "xMax": 2.6,
        "yMax": 10.9,
        "widthMeters": 2.6,
        "depthMeters": 4.2,
        "areaApproxSqm": 10.92,
        "elevationMeters": 9.6,
        "heightMeters": 3.2,
        "coordinateSystem": "WGS84",
        "visibleUnit": true,
        "placementMethod": "single-building orthogonal transform",
        "floorPlanSource": "Building C supplied floor-plan blueprint",
        "name": "Lift",
        "label": "Lift",
        "labelText": "Lift",
        "popupTitle": "Lift",
        "tooltip": "Lift",
        "featureClass": "building-circulation",
        "coordinateReference": "WGS84",
        "geometrySource": "Building C supplied floor-plan blueprint",
        "ulpin": "3D-JSPM-NTC-F04-C-BLOCK-F4-LIFT",
        "unitNumber": "F4-LIFT",
        "fillColor": "#06b6d4",
        "renderColor": "#06b6d4",
        "mapFillColor": "#06b6d4",
        "wireColor": "#0e7490",
        "colorClass": "lift",
        "colorSource": "VolumetricViewer.getSpaceStyle",
        "unitGapMeters": 0.2,
        "unitInsetMeters": 0.1,
        "gapRendering": "actual-geometry-inset"
      }
    },
    {
      "type": "Feature",
      "geometry": {
        "type": "Polygon",
        "coordinates": [
          [
            [
              73.8307700283971,
              18.441344659749543
            ],
            [
              73.83084293169001,
              18.441360691629917
            ],
            [
              73.83086371631917,
              18.441288717972352
            ],
            [
              73.83079081302621,
              18.441272686092137
            ],
            [
              73.8307700283971,
              18.441344659749543
            ]
          ]
        ]
      },
      "properties": {
        "id": "F4-STAIRS-C",
        "displayLabel": "Central Stair",
        "floorNumber": 4,
        "spaceType": "Stairs",
        "role": "vertical-circulation",
        "xMin": 29.5,
        "yMin": 8.5,
        "xMax": 37.5,
        "yMax": 17.07,
        "widthMeters": 8,
        "depthMeters": 8.57,
        "areaApproxSqm": 68.56,
        "elevationMeters": 9.6,
        "heightMeters": 3.2,
        "coordinateSystem": "WGS84",
        "visibleUnit": true,
        "placementMethod": "single-building orthogonal transform",
        "floorPlanSource": "Building C supplied floor-plan blueprint",
        "name": "Central Stair",
        "label": "Central Stair",
        "labelText": "Central Stair",
        "popupTitle": "Central Stair",
        "tooltip": "Central Stair",
        "featureClass": "building-circulation",
        "coordinateReference": "WGS84",
        "geometrySource": "Building C supplied floor-plan blueprint",
        "ulpin": "3D-JSPM-NTC-F04-C-BLOCK-F4-STAIRS-C",
        "unitNumber": "F4-STAIRS-C",
        "fillColor": "#f97316",
        "renderColor": "#f97316",
        "mapFillColor": "#f97316",
        "wireColor": "#c2410c",
        "colorClass": "stairs",
        "colorSource": "VolumetricViewer.getSpaceStyle",
        "unitGapMeters": 0.2,
        "unitInsetMeters": 0.1,
        "gapRendering": "actual-geometry-inset"
      }
    },
    {
      "type": "Feature",
      "geometry": {
        "type": "Polygon",
        "coordinates": [
          [
            [
              73.83078320121578,
              18.441026355853435
            ],
            [
              73.83083458787229,
              18.441037656093744
            ],
            [
              73.83084740011284,
              18.440993289470363
            ],
            [
              73.83079601345631,
              18.440981989230146
            ],
            [
              73.83078320121578,
              18.441026355853435
            ]
          ]
        ]
      },
      "properties": {
        "id": "F4-STAIRS-E",
        "displayLabel": "East Stair",
        "floorNumber": 4,
        "spaceType": "Stairs",
        "role": "vertical-circulation",
        "xMin": 62.32,
        "yMin": 0,
        "xMax": 67.32,
        "yMax": 6.1,
        "widthMeters": 5,
        "depthMeters": 6.1,
        "areaApproxSqm": 30.5,
        "elevationMeters": 9.6,
        "heightMeters": 3.2,
        "coordinateSystem": "WGS84",
        "visibleUnit": true,
        "placementMethod": "single-building orthogonal transform",
        "floorPlanSource": "Building C supplied floor-plan blueprint",
        "name": "East Stair",
        "label": "East Stair",
        "labelText": "East Stair",
        "popupTitle": "East Stair",
        "tooltip": "East Stair",
        "featureClass": "building-circulation",
        "coordinateReference": "WGS84",
        "geometrySource": "Building C supplied floor-plan blueprint",
        "ulpin": "3D-JSPM-NTC-F04-C-BLOCK-F4-STAIRS-E",
        "unitNumber": "F4-STAIRS-E",
        "fillColor": "#f97316",
        "renderColor": "#f97316",
        "mapFillColor": "#f97316",
        "wireColor": "#c2410c",
        "colorClass": "stairs",
        "colorSource": "VolumetricViewer.getSpaceStyle",
        "unitGapMeters": 0.2,
        "unitInsetMeters": 0.1,
        "gapRendering": "actual-geometry-inset"
      }
    },
    {
      "type": "Feature",
      "geometry": {
        "type": "Polygon",
        "coordinates": [
          [
            [
              73.83061758814571,
              18.441599845920802
            ],
            [
              73.83066897480263,
              18.4416111461612
            ],
            [
              73.83068178704468,
              18.44156677953261
            ],
            [
              73.83063040038772,
              18.44155547929232
            ],
            [
              73.83061758814571,
              18.441599845920802
            ]
          ]
        ]
      },
      "properties": {
        "id": "F4-STAIRS-W",
        "displayLabel": "West Stair",
        "floorNumber": 4,
        "spaceType": "Stairs",
        "role": "vertical-circulation",
        "xMin": 0,
        "yMin": 0,
        "xMax": 5,
        "yMax": 6.1,
        "widthMeters": 5,
        "depthMeters": 6.1,
        "areaApproxSqm": 30.5,
        "elevationMeters": 9.6,
        "heightMeters": 3.2,
        "coordinateSystem": "WGS84",
        "visibleUnit": true,
        "placementMethod": "single-building orthogonal transform",
        "floorPlanSource": "Building C supplied floor-plan blueprint",
        "name": "West Stair",
        "label": "West Stair",
        "labelText": "West Stair",
        "popupTitle": "West Stair",
        "tooltip": "West Stair",
        "featureClass": "building-circulation",
        "coordinateReference": "WGS84",
        "geometrySource": "Building C supplied floor-plan blueprint",
        "ulpin": "3D-JSPM-NTC-F04-C-BLOCK-F4-STAIRS-W",
        "unitNumber": "F4-STAIRS-W",
        "fillColor": "#f97316",
        "renderColor": "#f97316",
        "mapFillColor": "#f97316",
        "wireColor": "#c2410c",
        "colorClass": "stairs",
        "colorSource": "VolumetricViewer.getSpaceStyle",
        "unitGapMeters": 0.2,
        "unitInsetMeters": 0.1,
        "gapRendering": "actual-geometry-inset"
      }
    },
    {
      "type": "Feature",
      "geometry": {
        "type": "Polygon",
        "coordinates": [
          [
            [
              73.8306316315981,
              18.441553306214395
            ],
            [
              73.83068168225537,
              18.441564367201334
            ],
            [
              73.83070280739518,
              18.441490851913485
            ],
            [
              73.83065275673792,
              18.441479790926635
            ],
            [
              73.8306316315981,
              18.441553306214395
            ]
          ]
        ]
      },
      "properties": {
        "id": "C501",
        "displayLabel": "CAD Lab I",
        "floorNumber": 5,
        "spaceType": "Lab",
        "role": "unit",
        "xMin": 5,
        "yMin": 0,
        "xMax": 13.337,
        "yMax": 6.1,
        "widthMeters": 8.337,
        "depthMeters": 6.1,
        "areaApproxSqm": 50.86,
        "elevationMeters": 12.8,
        "heightMeters": 3.2,
        "coordinateSystem": "WGS84",
        "visibleUnit": true,
        "placementMethod": "single-building orthogonal transform",
        "floorPlanSource": "Building C supplied floor-plan blueprint",
        "labelText": "C501 \u2014 CAD Lab I",
        "labelVisible": true,
        "roomNumber": "C501",
        "roomName": "CAD Lab I",
        "name": "C501 \u2014 CAD Lab I",
        "label": "C501 \u2014 CAD Lab I",
        "popupTitle": "C501 \u2014 CAD Lab I",
        "tooltip": "C501 \u2014 CAD Lab I",
        "featureClass": "building-room",
        "coordinateReference": "WGS84",
        "geometrySource": "Building C supplied floor-plan blueprint",
        "ulpin": "3D-JSPM-NTC-F05-C-BLOCK-C501",
        "unitGapMeters": 0.2,
        "unitInsetMeters": 0.1,
        "gapRendering": "actual-geometry-inset",
        "gapNote": "Unit footprint inset to create a visible separation from adjacent units; floor/elevation/height metadata unchanged.",
        "unitNumber": "C501",
        "fillColor": "#3b82f6",
        "renderColor": "#3b82f6",
        "mapFillColor": "#3b82f6",
        "wireColor": "#1d4ed8",
        "colorClass": "lab",
        "colorSource": "VolumetricViewer.getSpaceStyle"
      }
    },
    {
      "type": "Feature",
      "geometry": {
        "type": "Polygon",
        "coordinates": [
          [
            [
              73.83065378706452,
              18.441476597048617
            ],
            [
              73.83070381264726,
              18.44148764469969
            ],
            [
              73.83072358057973,
              18.441418900981763
            ],
            [
              73.83067355499702,
              18.441407853330805
            ],
            [
              73.83065378706452,
              18.441476597048617
            ]
          ]
        ]
      },
      "properties": {
        "id": "C502",
        "displayLabel": "CAD Lab II",
        "floorNumber": 5,
        "spaceType": "Lab",
        "role": "unit",
        "xMin": 13.337,
        "yMin": 0,
        "xMax": 21.154,
        "yMax": 6.1,
        "widthMeters": 7.816,
        "depthMeters": 6.1,
        "areaApproxSqm": 47.68,
        "elevationMeters": 12.8,
        "heightMeters": 3.2,
        "coordinateSystem": "WGS84",
        "visibleUnit": true,
        "placementMethod": "single-building orthogonal transform",
        "floorPlanSource": "Building C supplied floor-plan blueprint",
        "labelText": "C502 \u2014 CAD Lab II",
        "labelVisible": true,
        "roomNumber": "C502",
        "roomName": "CAD Lab II",
        "name": "C502 \u2014 CAD Lab II",
        "label": "C502 \u2014 CAD Lab II",
        "popupTitle": "C502 \u2014 CAD Lab II",
        "tooltip": "C502 \u2014 CAD Lab II",
        "featureClass": "building-room",
        "coordinateReference": "WGS84",
        "geometrySource": "Building C supplied floor-plan blueprint",
        "ulpin": "3D-JSPM-NTC-F05-C-BLOCK-C502",
        "unitGapMeters": 0.2,
        "unitInsetMeters": 0.1,
        "gapRendering": "actual-geometry-inset",
        "gapNote": "Unit footprint inset to create a visible separation from adjacent units; floor/elevation/height metadata unchanged.",
        "unitNumber": "C502",
        "fillColor": "#3b82f6",
        "renderColor": "#3b82f6",
        "mapFillColor": "#3b82f6",
        "wireColor": "#1d4ed8",
        "colorClass": "lab",
        "colorSource": "VolumetricViewer.getSpaceStyle"
      }
    },
    {
      "type": "Feature",
      "geometry": {
        "type": "Polygon",
        "coordinates": [
          [
            [
              73.83067456281353,
              18.441404766578707
            ],
            [
              73.83072441491309,
              18.441415685456445
            ],
            [
              73.83073604171558,
              18.441375585045837
            ],
            [
              73.83068618961602,
              18.44136466616822
            ],
            [
              73.83067456281353,
              18.441404766578707
            ]
          ]
        ]
      },
      "properties": {
        "id": "C503",
        "displayLabel": "III Cell",
        "floorNumber": 5,
        "spaceType": "Office",
        "role": "unit",
        "xMin": 21.154,
        "yMin": 0,
        "xMax": 25.844,
        "yMax": 6.1,
        "widthMeters": 4.69,
        "depthMeters": 6.1,
        "areaApproxSqm": 28.61,
        "elevationMeters": 12.8,
        "heightMeters": 3.2,
        "coordinateSystem": "WGS84",
        "visibleUnit": true,
        "placementMethod": "single-building orthogonal transform",
        "floorPlanSource": "Building C supplied floor-plan blueprint",
        "labelText": "C503 \u2014 III Cell",
        "labelVisible": true,
        "roomNumber": "C503",
        "roomName": "III Cell",
        "name": "C503 \u2014 III Cell",
        "label": "C503 \u2014 III Cell",
        "popupTitle": "C503 \u2014 III Cell",
        "tooltip": "C503 \u2014 III Cell",
        "featureClass": "building-room",
        "coordinateReference": "WGS84",
        "geometrySource": "Building C supplied floor-plan blueprint",
        "ulpin": "3D-JSPM-NTC-F05-C-BLOCK-C503",
        "unitGapMeters": 0.2,
        "unitInsetMeters": 0.1,
        "gapRendering": "actual-geometry-inset",
        "gapNote": "Unit footprint inset to create a visible separation from adjacent units; floor/elevation/height metadata unchanged.",
        "unitNumber": "C503",
        "fillColor": "#10b981",
        "renderColor": "#10b981",
        "mapFillColor": "#10b981",
        "wireColor": "#047857",
        "colorClass": "office",
        "colorSource": "VolumetricViewer.getSpaceStyle"
      }
    },
    {
      "type": "Feature",
      "geometry": {
        "type": "Polygon",
        "coordinates": [
          [
            [
              73.83068702706704,
              18.441361636626084
            ],
            [
              73.83073684570438,
              18.44137251968878
            ],
            [
              73.83074711726587,
              18.441337185938664
            ],
            [
              73.83069729862854,
              18.44132630287606
            ],
            [
              73.83068702706704,
              18.441361636626084
            ]
          ]
        ]
      },
      "properties": {
        "id": "C504",
        "displayLabel": "Faculty Room",
        "floorNumber": 5,
        "spaceType": "Office",
        "role": "unit",
        "xMin": 25.844,
        "yMin": 0,
        "xMax": 30.012,
        "yMax": 6.1,
        "widthMeters": 4.169,
        "depthMeters": 6.1,
        "areaApproxSqm": 25.43,
        "elevationMeters": 12.8,
        "heightMeters": 3.2,
        "coordinateSystem": "WGS84",
        "visibleUnit": true,
        "placementMethod": "single-building orthogonal transform",
        "floorPlanSource": "Building C supplied floor-plan blueprint",
        "labelText": "C504 \u2014 Faculty Room",
        "labelVisible": true,
        "roomNumber": "C504",
        "roomName": "Faculty Room",
        "name": "C504 \u2014 Faculty Room",
        "label": "C504 \u2014 Faculty Room",
        "popupTitle": "C504 \u2014 Faculty Room",
        "tooltip": "C504 \u2014 Faculty Room",
        "featureClass": "building-room",
        "coordinateReference": "WGS84",
        "geometrySource": "Building C supplied floor-plan blueprint",
        "ulpin": "3D-JSPM-NTC-F05-C-BLOCK-C504",
        "unitGapMeters": 0.2,
        "unitInsetMeters": 0.1,
        "gapRendering": "actual-geometry-inset",
        "gapNote": "Unit footprint inset to create a visible separation from adjacent units; floor/elevation/height metadata unchanged.",
        "unitNumber": "C504",
        "fillColor": "#10b981",
        "renderColor": "#10b981",
        "mapFillColor": "#10b981",
        "wireColor": "#047857",
        "colorClass": "office",
        "colorSource": "VolumetricViewer.getSpaceStyle"
      }
    },
    {
      "type": "Feature",
      "geometry": {
        "type": "Polygon",
        "coordinates": [
          [
            [
              73.83069810049088,
              18.441323160067025
            ],
            [
              73.83074809998078,
              18.441334192747526
            ],
            [
              73.83076650899335,
              18.441270228110874
            ],
            [
              73.83071650950347,
              18.441259195430487
            ],
            [
              73.83069810049088,
              18.441323160067025
            ]
          ]
        ]
      },
      "properties": {
        "id": "C505",
        "displayLabel": "Mechatronics Lab",
        "floorNumber": 5,
        "spaceType": "Lab",
        "role": "unit",
        "xMin": 30.012,
        "yMin": 0,
        "xMax": 37.308,
        "yMax": 6.1,
        "widthMeters": 7.295,
        "depthMeters": 6.1,
        "areaApproxSqm": 44.5,
        "elevationMeters": 12.8,
        "heightMeters": 3.2,
        "coordinateSystem": "WGS84",
        "visibleUnit": true,
        "placementMethod": "single-building orthogonal transform",
        "floorPlanSource": "Building C supplied floor-plan blueprint",
        "labelText": "C505 \u2014 Mechatronics Lab",
        "labelVisible": true,
        "roomNumber": "C505",
        "roomName": "Mechatronics Lab",
        "name": "C505 \u2014 Mechatronics Lab",
        "label": "C505 \u2014 Mechatronics Lab",
        "popupTitle": "C505 \u2014 Mechatronics Lab",
        "tooltip": "C505 \u2014 Mechatronics Lab",
        "featureClass": "building-room",
        "coordinateReference": "WGS84",
        "geometrySource": "Building C supplied floor-plan blueprint",
        "ulpin": "3D-JSPM-NTC-F05-C-BLOCK-C505",
        "unitGapMeters": 0.2,
        "unitInsetMeters": 0.1,
        "gapRendering": "actual-geometry-inset",
        "gapNote": "Unit footprint inset to create a visible separation from adjacent units; floor/elevation/height metadata unchanged.",
        "unitNumber": "C505",
        "fillColor": "#3b82f6",
        "renderColor": "#3b82f6",
        "mapFillColor": "#3b82f6",
        "wireColor": "#1d4ed8",
        "colorClass": "lab",
        "colorSource": "VolumetricViewer.getSpaceStyle"
      }
    },
    {
      "type": "Feature",
      "geometry": {
        "type": "Polygon",
        "coordinates": [
          [
            [
              73.83071748889891,
              18.441255996889982
            ],
            [
              73.83076753955828,
              18.441267057876903
            ],
            [
              73.83078866469829,
              18.441193542591744
            ],
            [
              73.8307386140389,
              18.441182481604937
            ],
            [
              73.83071748889891,
              18.441255996889982
            ]
          ]
        ]
      },
      "properties": {
        "id": "C506",
        "displayLabel": "Class Room",
        "floorNumber": 5,
        "spaceType": "Classroom",
        "role": "unit",
        "xMin": 37.308,
        "yMin": 0,
        "xMax": 45.645,
        "yMax": 6.1,
        "widthMeters": 8.337,
        "depthMeters": 6.1,
        "areaApproxSqm": 50.86,
        "elevationMeters": 12.8,
        "heightMeters": 3.2,
        "coordinateSystem": "WGS84",
        "visibleUnit": true,
        "placementMethod": "single-building orthogonal transform",
        "floorPlanSource": "Building C supplied floor-plan blueprint",
        "labelText": "C506 \u2014 Class Room",
        "labelVisible": true,
        "roomNumber": "C506",
        "roomName": "Class Room",
        "name": "C506 \u2014 Class Room",
        "label": "C506 \u2014 Class Room",
        "popupTitle": "C506 \u2014 Class Room",
        "tooltip": "C506 \u2014 Class Room",
        "featureClass": "building-room",
        "coordinateReference": "WGS84",
        "geometrySource": "Building C supplied floor-plan blueprint",
        "ulpin": "3D-JSPM-NTC-F05-C-BLOCK-C506",
        "unitGapMeters": 0.2,
        "unitInsetMeters": 0.1,
        "gapRendering": "actual-geometry-inset",
        "gapNote": "Unit footprint inset to create a visible separation from adjacent units; floor/elevation/height metadata unchanged.",
        "unitNumber": "C506",
        "fillColor": "#3b82f6",
        "renderColor": "#3b82f6",
        "mapFillColor": "#3b82f6",
        "wireColor": "#1e3a8a",
        "colorClass": "room",
        "colorSource": "VolumetricViewer.getSpaceStyle"
      }
    },
    {
      "type": "Feature",
      "geometry": {
        "type": "Polygon",
        "coordinates": [
          [
            [
              73.83073964416403,
              18.44117927692989
            ],
            [
              73.83078969487127,
              18.44119033794107
            ],
            [
              73.83081082262215,
              18.441116813479073
            ],
            [
              73.83076077191491,
              18.44110575246802
            ],
            [
              73.83073964416403,
              18.44117927692989
            ]
          ]
        ]
      },
      "properties": {
        "id": "C507",
        "displayLabel": "Class Room",
        "floorNumber": 5,
        "spaceType": "Classroom",
        "role": "unit",
        "xMin": 45.645,
        "yMin": 0,
        "xMax": 53.983,
        "yMax": 6.1,
        "widthMeters": 8.337,
        "depthMeters": 6.1,
        "areaApproxSqm": 50.86,
        "elevationMeters": 12.8,
        "heightMeters": 3.2,
        "coordinateSystem": "WGS84",
        "visibleUnit": true,
        "placementMethod": "single-building orthogonal transform",
        "floorPlanSource": "Building C supplied floor-plan blueprint",
        "labelText": "C507 \u2014 Class Room",
        "labelVisible": true,
        "roomNumber": "C507",
        "roomName": "Class Room",
        "name": "C507 \u2014 Class Room",
        "label": "C507 \u2014 Class Room",
        "popupTitle": "C507 \u2014 Class Room",
        "tooltip": "C507 \u2014 Class Room",
        "featureClass": "building-room",
        "coordinateReference": "WGS84",
        "geometrySource": "Building C supplied floor-plan blueprint",
        "ulpin": "3D-JSPM-NTC-F05-C-BLOCK-C507",
        "unitGapMeters": 0.2,
        "unitInsetMeters": 0.1,
        "gapRendering": "actual-geometry-inset",
        "gapNote": "Unit footprint inset to create a visible separation from adjacent units; floor/elevation/height metadata unchanged.",
        "unitNumber": "C507",
        "fillColor": "#3b82f6",
        "renderColor": "#3b82f6",
        "mapFillColor": "#3b82f6",
        "wireColor": "#1e3a8a",
        "colorClass": "room",
        "colorSource": "VolumetricViewer.getSpaceStyle"
      }
    },
    {
      "type": "Feature",
      "geometry": {
        "type": "Polygon",
        "coordinates": [
          [
            [
              73.83076180208731,
              18.44110254780665
            ],
            [
              73.83081185274777,
              18.441113608793543
            ],
            [
              73.83083297788782,
              18.441040093509788
            ],
            [
              73.83078292722739,
              18.441029032522994
            ],
            [
              73.83076180208731,
              18.44110254780665
            ]
          ]
        ]
      },
      "properties": {
        "id": "C508",
        "displayLabel": "Class Room",
        "floorNumber": 5,
        "spaceType": "Classroom",
        "role": "unit",
        "xMin": 53.983,
        "yMin": 0,
        "xMax": 62.32,
        "yMax": 6.1,
        "widthMeters": 8.337,
        "depthMeters": 6.1,
        "areaApproxSqm": 50.86,
        "elevationMeters": 12.8,
        "heightMeters": 3.2,
        "coordinateSystem": "WGS84",
        "visibleUnit": true,
        "placementMethod": "single-building orthogonal transform",
        "floorPlanSource": "Building C supplied floor-plan blueprint",
        "labelText": "C508 \u2014 Class Room",
        "labelVisible": true,
        "roomNumber": "C508",
        "roomName": "Class Room",
        "name": "C508 \u2014 Class Room",
        "label": "C508 \u2014 Class Room",
        "popupTitle": "C508 \u2014 Class Room",
        "tooltip": "C508 \u2014 Class Room",
        "featureClass": "building-room",
        "coordinateReference": "WGS84",
        "geometrySource": "Building C supplied floor-plan blueprint",
        "ulpin": "3D-JSPM-NTC-F05-C-BLOCK-C508",
        "unitGapMeters": 0.2,
        "unitInsetMeters": 0.1,
        "gapRendering": "actual-geometry-inset",
        "gapNote": "Unit footprint inset to create a visible separation from adjacent units; floor/elevation/height metadata unchanged.",
        "unitNumber": "C508",
        "fillColor": "#3b82f6",
        "renderColor": "#3b82f6",
        "mapFillColor": "#3b82f6",
        "wireColor": "#1e3a8a",
        "colorClass": "room",
        "colorSource": "VolumetricViewer.getSpaceStyle"
      }
    },
    {
      "type": "Feature",
      "geometry": {
        "type": "Polygon",
        "coordinates": [
          [
            [
              73.83085763115882,
              18.441043587034034
            ],
            [
              73.83092893269549,
              18.44105915854195
            ],
            [
              73.8309418235377,
              18.441014827590728
            ],
            [
              73.83087052200104,
              18.440999256082954
            ],
            [
              73.83085763115882,
              18.441043587034034
            ]
          ]
        ]
      },
      "properties": {
        "id": "C509",
        "displayLabel": "Gents Toilet",
        "floorNumber": 5,
        "spaceType": "Restroom",
        "role": "unit",
        "xMin": 62.179,
        "yMin": 8.5,
        "xMax": 67.32,
        "yMax": 17.07,
        "widthMeters": 5.141,
        "depthMeters": 8.57,
        "areaApproxSqm": 44.06,
        "elevationMeters": 12.8,
        "heightMeters": 3.2,
        "coordinateSystem": "WGS84",
        "visibleUnit": true,
        "placementMethod": "single-building orthogonal transform",
        "floorPlanSource": "Building C supplied floor-plan blueprint",
        "labelText": "C509 \u2014 Gents Toilet",
        "labelVisible": true,
        "roomNumber": "C509",
        "roomName": "Gents Toilet",
        "name": "C509 \u2014 Gents Toilet",
        "label": "C509 \u2014 Gents Toilet",
        "popupTitle": "C509 \u2014 Gents Toilet",
        "tooltip": "C509 \u2014 Gents Toilet",
        "featureClass": "building-room",
        "coordinateReference": "WGS84",
        "geometrySource": "Building C supplied floor-plan blueprint",
        "ulpin": "3D-JSPM-NTC-F05-C-BLOCK-C509",
        "unitGapMeters": 0.2,
        "unitInsetMeters": 0.1,
        "gapRendering": "actual-geometry-inset",
        "gapNote": "Unit footprint inset to create a visible separation from adjacent units; floor/elevation/height metadata unchanged.",
        "unitNumber": "C509",
        "fillColor": "#ec4899",
        "renderColor": "#ec4899",
        "mapFillColor": "#ec4899",
        "wireColor": "#be185d",
        "colorClass": "restroom",
        "colorSource": "VolumetricViewer.getSpaceStyle"
      }
    },
    {
      "type": "Feature",
      "geometry": {
        "type": "Polygon",
        "coordinates": [
          [
            [
              73.83084670228186,
              18.44108150022725
            ],
            [
              73.83091795217345,
              18.44109699260048
            ],
            [
              73.8309281602557,
              18.44106204061273
            ],
            [
              73.83085691036408,
              18.441046548239623
            ],
            [
              73.83084670228186,
              18.44108150022725
            ]
          ]
        ]
      },
      "properties": {
        "id": "C510",
        "displayLabel": "Faculty Room",
        "floorNumber": 5,
        "spaceType": "Office",
        "role": "unit",
        "xMin": 58.066,
        "yMin": 8.5,
        "xMax": 62.179,
        "yMax": 17.07,
        "widthMeters": 4.113,
        "depthMeters": 8.57,
        "areaApproxSqm": 35.25,
        "elevationMeters": 12.8,
        "heightMeters": 3.2,
        "coordinateSystem": "WGS84",
        "visibleUnit": true,
        "placementMethod": "single-building orthogonal transform",
        "floorPlanSource": "Building C supplied floor-plan blueprint",
        "labelText": "C510 \u2014 Faculty Room",
        "labelVisible": true,
        "roomNumber": "C510",
        "roomName": "Faculty Room",
        "name": "C510 \u2014 Faculty Room",
        "label": "C510 \u2014 Faculty Room",
        "popupTitle": "C510 \u2014 Faculty Room",
        "tooltip": "C510 \u2014 Faculty Room",
        "featureClass": "building-room",
        "coordinateReference": "WGS84",
        "geometrySource": "Building C supplied floor-plan blueprint",
        "ulpin": "3D-JSPM-NTC-F05-C-BLOCK-C510",
        "unitGapMeters": 0.2,
        "unitInsetMeters": 0.1,
        "gapRendering": "actual-geometry-inset",
        "gapNote": "Unit footprint inset to create a visible separation from adjacent units; floor/elevation/height metadata unchanged.",
        "unitNumber": "C510",
        "fillColor": "#10b981",
        "renderColor": "#10b981",
        "mapFillColor": "#10b981",
        "wireColor": "#047857",
        "colorClass": "office",
        "colorSource": "VolumetricViewer.getSpaceStyle"
      }
    },
    {
      "type": "Feature",
      "geometry": {
        "type": "Polygon",
        "coordinates": [
          [
            [
              73.83083576947934,
              18.441119358596723
            ],
            [
              73.83090701942254,
              18.44113485106033
            ],
            [
              73.83091723011331,
              18.441099889962437
            ],
            [
              73.83084598017012,
              18.441084397498994
            ],
            [
              73.83083576947934,
              18.441119358596723
            ]
          ]
        ]
      },
      "properties": {
        "id": "C511",
        "displayLabel": "Art Circle / Tutorial Room",
        "floorNumber": 5,
        "spaceType": "Facility",
        "role": "unit",
        "xMin": 53.952,
        "yMin": 8.5,
        "xMax": 58.066,
        "yMax": 17.07,
        "widthMeters": 4.113,
        "depthMeters": 8.57,
        "areaApproxSqm": 35.25,
        "elevationMeters": 12.8,
        "heightMeters": 3.2,
        "coordinateSystem": "WGS84",
        "visibleUnit": true,
        "placementMethod": "single-building orthogonal transform",
        "floorPlanSource": "Building C supplied floor-plan blueprint",
        "labelText": "C511 \u2014 Art Circle / Tutorial Room",
        "labelVisible": true,
        "roomNumber": "C511",
        "roomName": "Art Circle / Tutorial Room",
        "name": "C511 \u2014 Art Circle / Tutorial Room",
        "label": "C511 \u2014 Art Circle / Tutorial Room",
        "popupTitle": "C511 \u2014 Art Circle / Tutorial Room",
        "tooltip": "C511 \u2014 Art Circle / Tutorial Room",
        "featureClass": "building-room",
        "coordinateReference": "WGS84",
        "geometrySource": "Building C supplied floor-plan blueprint",
        "ulpin": "3D-JSPM-NTC-F05-C-BLOCK-C511",
        "unitGapMeters": 0.2,
        "unitInsetMeters": 0.1,
        "gapRendering": "actual-geometry-inset",
        "gapNote": "Unit footprint inset to create a visible separation from adjacent units; floor/elevation/height metadata unchanged.",
        "unitNumber": "C511",
        "fillColor": "#3b82f6",
        "renderColor": "#3b82f6",
        "mapFillColor": "#3b82f6",
        "wireColor": "#1e3a8a",
        "colorClass": "room",
        "colorSource": "VolumetricViewer.getSpaceStyle"
      }
    },
    {
      "type": "Feature",
      "geometry": {
        "type": "Polygon",
        "coordinates": [
          [
            [
              73.83081390590073,
              18.44119488004511
            ],
            [
              73.83088534428835,
              18.441210591683536
            ],
            [
              73.83090630060335,
              18.441138014731546
            ],
            [
              73.83083486221572,
              18.44112230309328
            ],
            [
              73.83081390590073,
              18.44119488004511
            ]
          ]
        ]
      },
      "properties": {
        "id": "C512",
        "displayLabel": "Class Room",
        "floorNumber": 5,
        "spaceType": "Classroom",
        "role": "unit",
        "xMin": 45.726,
        "yMin": 8.5,
        "xMax": 53.952,
        "yMax": 17.07,
        "widthMeters": 8.226,
        "depthMeters": 8.57,
        "areaApproxSqm": 70.5,
        "elevationMeters": 12.8,
        "heightMeters": 3.2,
        "coordinateSystem": "WGS84",
        "visibleUnit": true,
        "placementMethod": "single-building orthogonal transform",
        "floorPlanSource": "Building C supplied floor-plan blueprint",
        "labelText": "C512 \u2014 Class Room",
        "labelVisible": true,
        "roomNumber": "C512",
        "roomName": "Class Room",
        "name": "C512 \u2014 Class Room",
        "label": "C512 \u2014 Class Room",
        "popupTitle": "C512 \u2014 Class Room",
        "tooltip": "C512 \u2014 Class Room",
        "featureClass": "building-room",
        "coordinateReference": "WGS84",
        "geometrySource": "Building C supplied floor-plan blueprint",
        "ulpin": "3D-JSPM-NTC-F05-C-BLOCK-C512",
        "unitGapMeters": 0.2,
        "unitInsetMeters": 0.1,
        "gapRendering": "actual-geometry-inset",
        "gapNote": "Unit footprint inset to create a visible separation from adjacent units; floor/elevation/height metadata unchanged.",
        "unitNumber": "C512",
        "fillColor": "#3b82f6",
        "renderColor": "#3b82f6",
        "mapFillColor": "#3b82f6",
        "wireColor": "#1e3a8a",
        "colorClass": "room",
        "colorSource": "VolumetricViewer.getSpaceStyle"
      }
    },
    {
      "type": "Feature",
      "geometry": {
        "type": "Polygon",
        "coordinates": [
          [
            [
              73.83079204561362,
              18.44127057852544
            ],
            [
              73.83086348400062,
              18.441286290163866
            ],
            [
              73.83088444031563,
              18.4412137132112
            ],
            [
              73.83081300192863,
              18.441198001572925
            ],
            [
              73.83079204561362,
              18.44127057852544
            ]
          ]
        ]
      },
      "properties": {
        "id": "C513",
        "displayLabel": "Class Room",
        "floorNumber": 5,
        "spaceType": "Classroom",
        "role": "unit",
        "xMin": 37.5,
        "yMin": 8.5,
        "xMax": 45.726,
        "yMax": 17.07,
        "widthMeters": 8.226,
        "depthMeters": 8.57,
        "areaApproxSqm": 70.5,
        "elevationMeters": 12.8,
        "heightMeters": 3.2,
        "coordinateSystem": "WGS84",
        "visibleUnit": true,
        "placementMethod": "single-building orthogonal transform",
        "floorPlanSource": "Building C supplied floor-plan blueprint",
        "labelText": "C513 \u2014 Class Room",
        "labelVisible": true,
        "roomNumber": "C513",
        "roomName": "Class Room",
        "name": "C513 \u2014 Class Room",
        "label": "C513 \u2014 Class Room",
        "popupTitle": "C513 \u2014 Class Room",
        "tooltip": "C513 \u2014 Class Room",
        "featureClass": "building-room",
        "coordinateReference": "WGS84",
        "geometrySource": "Building C supplied floor-plan blueprint",
        "ulpin": "3D-JSPM-NTC-F05-C-BLOCK-C513",
        "unitGapMeters": 0.2,
        "unitInsetMeters": 0.1,
        "gapRendering": "actual-geometry-inset",
        "gapNote": "Unit footprint inset to create a visible separation from adjacent units; floor/elevation/height metadata unchanged.",
        "unitNumber": "C513",
        "fillColor": "#3b82f6",
        "renderColor": "#3b82f6",
        "mapFillColor": "#3b82f6",
        "wireColor": "#1e3a8a",
        "colorClass": "room",
        "colorSource": "VolumetricViewer.getSpaceStyle"
      }
    },
    {
      "type": "Feature",
      "geometry": {
        "type": "Polygon",
        "coordinates": [
          [
            [
              73.83074838607962,
              18.44142175877961
            ],
            [
              73.83081983264275,
              18.44143747668071
            ],
            [
              73.83084132040814,
              18.441363038039203
            ],
            [
              73.83076987384504,
              18.441347320138245
            ],
            [
              73.83074838607962,
              18.44142175877961
            ]
          ]
        ]
      },
      "properties": {
        "id": "C514",
        "displayLabel": "EMM MQC Lab",
        "floorNumber": 5,
        "spaceType": "Lab",
        "role": "unit",
        "xMin": 21.071,
        "yMin": 8.5,
        "xMax": 29.5,
        "yMax": 17.07,
        "widthMeters": 8.429,
        "depthMeters": 8.57,
        "areaApproxSqm": 72.23,
        "elevationMeters": 12.8,
        "heightMeters": 3.2,
        "coordinateSystem": "WGS84",
        "visibleUnit": true,
        "placementMethod": "single-building orthogonal transform",
        "floorPlanSource": "Building C supplied floor-plan blueprint",
        "labelText": "C514 \u2014 EMM MQC Lab",
        "labelVisible": true,
        "roomNumber": "C514",
        "roomName": "EMM MQC Lab",
        "name": "C514 \u2014 EMM MQC Lab",
        "label": "C514 \u2014 EMM MQC Lab",
        "popupTitle": "C514 \u2014 EMM MQC Lab",
        "tooltip": "C514 \u2014 EMM MQC Lab",
        "featureClass": "building-room",
        "coordinateReference": "WGS84",
        "geometrySource": "Building C supplied floor-plan blueprint",
        "ulpin": "3D-JSPM-NTC-F05-C-BLOCK-C514",
        "unitGapMeters": 0.2,
        "unitInsetMeters": 0.1,
        "gapRendering": "actual-geometry-inset",
        "gapNote": "Unit footprint inset to create a visible separation from adjacent units; floor/elevation/height metadata unchanged.",
        "unitNumber": "C514",
        "fillColor": "#3b82f6",
        "renderColor": "#3b82f6",
        "mapFillColor": "#3b82f6",
        "wireColor": "#1d4ed8",
        "colorClass": "lab",
        "colorSource": "VolumetricViewer.getSpaceStyle"
      }
    },
    {
      "type": "Feature",
      "geometry": {
        "type": "Polygon",
        "coordinates": [
          [
            [
              73.83071758788505,
              18.441528345829568
            ],
            [
              73.83078915082348,
              18.441544136807668
            ],
            [
              73.83081892151623,
              18.44144069317051
            ],
            [
              73.8307473585778,
              18.441424902192566
            ],
            [
              73.83071758788505,
              18.441528345829568
            ]
          ]
        ]
      },
      "properties": {
        "id": "C515A",
        "displayLabel": "Boys Common Room",
        "floorNumber": 5,
        "spaceType": "Facility",
        "role": "unit",
        "xMin": 9.482,
        "yMin": 8.5,
        "xMax": 21.071,
        "yMax": 17.07,
        "widthMeters": 11.589,
        "depthMeters": 8.57,
        "areaApproxSqm": 99.32,
        "elevationMeters": 12.8,
        "heightMeters": 3.2,
        "coordinateSystem": "WGS84",
        "visibleUnit": true,
        "placementMethod": "single-building orthogonal transform",
        "floorPlanSource": "Building C supplied floor-plan blueprint",
        "labelText": "C515A \u2014 Boys Common Room",
        "labelVisible": true,
        "roomNumber": "C515A",
        "roomName": "Boys Common Room",
        "name": "C515A \u2014 Boys Common Room",
        "label": "C515A \u2014 Boys Common Room",
        "popupTitle": "C515A \u2014 Boys Common Room",
        "tooltip": "C515A \u2014 Boys Common Room",
        "featureClass": "building-room",
        "coordinateReference": "WGS84",
        "geometrySource": "Building C supplied floor-plan blueprint",
        "ulpin": "3D-JSPM-NTC-F05-C-BLOCK-C515A",
        "unitGapMeters": 0.2,
        "unitInsetMeters": 0.1,
        "gapRendering": "actual-geometry-inset",
        "gapNote": "Unit footprint inset to create a visible separation from adjacent units; floor/elevation/height metadata unchanged.",
        "unitNumber": "C515A",
        "fillColor": "#3b82f6",
        "renderColor": "#3b82f6",
        "mapFillColor": "#3b82f6",
        "wireColor": "#1e3a8a",
        "colorClass": "room",
        "colorSource": "VolumetricViewer.getSpaceStyle"
      }
    },
    {
      "type": "Feature",
      "geometry": {
        "type": "Polygon",
        "coordinates": [
          [
            [
              73.83070639342598,
              18.441567358323507
            ],
            [
              73.83077764854113,
              18.44158285967019
            ],
            [
              73.8307881200937,
              18.441546987435242
            ],
            [
              73.83071686497854,
              18.44153148608871
            ],
            [
              73.83070639342598,
              18.441567358323507
            ]
          ]
        ]
      },
      "properties": {
        "id": "C515B",
        "displayLabel": "R&D Cell",
        "floorNumber": 5,
        "spaceType": "Office",
        "role": "unit",
        "xMin": 5.268,
        "yMin": 8.5,
        "xMax": 9.482,
        "yMax": 17.07,
        "widthMeters": 4.214,
        "depthMeters": 8.57,
        "areaApproxSqm": 36.12,
        "elevationMeters": 12.8,
        "heightMeters": 3.2,
        "coordinateSystem": "WGS84",
        "visibleUnit": true,
        "placementMethod": "single-building orthogonal transform",
        "floorPlanSource": "Building C supplied floor-plan blueprint",
        "labelText": "C515B \u2014 R&D Cell",
        "labelVisible": true,
        "roomNumber": "C515B",
        "roomName": "R&D Cell",
        "name": "C515B \u2014 R&D Cell",
        "label": "C515B \u2014 R&D Cell",
        "popupTitle": "C515B \u2014 R&D Cell",
        "tooltip": "C515B \u2014 R&D Cell",
        "featureClass": "building-room",
        "coordinateReference": "WGS84",
        "geometrySource": "Building C supplied floor-plan blueprint",
        "ulpin": "3D-JSPM-NTC-F05-C-BLOCK-C515B",
        "unitGapMeters": 0.2,
        "unitInsetMeters": 0.1,
        "gapRendering": "actual-geometry-inset",
        "gapNote": "Unit footprint inset to create a visible separation from adjacent units; floor/elevation/height metadata unchanged.",
        "unitNumber": "C515B",
        "fillColor": "#10b981",
        "renderColor": "#10b981",
        "mapFillColor": "#10b981",
        "wireColor": "#047857",
        "colorClass": "office",
        "colorSource": "VolumetricViewer.getSpaceStyle"
      }
    },
    {
      "type": "Feature",
      "geometry": {
        "type": "Polygon",
        "coordinates": [
          [
            [
              73.83069239266663,
              18.44161577296254
            ],
            [
              73.83076370034725,
              18.441631352649747
            ],
            [
              73.8307769227926,
              18.441585861367376
            ],
            [
              73.83070561511198,
              18.441570281680317
            ],
            [
              73.83069239266663,
              18.44161577296254
            ]
          ]
        ]
      },
      "properties": {
        "id": "C516",
        "displayLabel": "Ladies Toilet",
        "floorNumber": 5,
        "spaceType": "Restroom",
        "role": "unit",
        "xMin": 0,
        "yMin": 8.5,
        "xMax": 5.268,
        "yMax": 17.07,
        "widthMeters": 5.268,
        "depthMeters": 8.57,
        "areaApproxSqm": 45.15,
        "elevationMeters": 12.8,
        "heightMeters": 3.2,
        "coordinateSystem": "WGS84",
        "visibleUnit": true,
        "placementMethod": "single-building orthogonal transform",
        "floorPlanSource": "Building C supplied floor-plan blueprint",
        "labelText": "C516 \u2014 Ladies Toilet",
        "labelVisible": true,
        "roomNumber": "C516",
        "roomName": "Ladies Toilet",
        "name": "C516 \u2014 Ladies Toilet",
        "label": "C516 \u2014 Ladies Toilet",
        "popupTitle": "C516 \u2014 Ladies Toilet",
        "tooltip": "C516 \u2014 Ladies Toilet",
        "featureClass": "building-room",
        "coordinateReference": "WGS84",
        "geometrySource": "Building C supplied floor-plan blueprint",
        "ulpin": "3D-JSPM-NTC-F05-C-BLOCK-C516",
        "unitGapMeters": 0.2,
        "unitInsetMeters": 0.1,
        "gapRendering": "actual-geometry-inset",
        "gapNote": "Unit footprint inset to create a visible separation from adjacent units; floor/elevation/height metadata unchanged.",
        "unitNumber": "C516",
        "fillColor": "#ec4899",
        "renderColor": "#ec4899",
        "mapFillColor": "#ec4899",
        "wireColor": "#be185d",
        "colorClass": "restroom",
        "colorSource": "VolumetricViewer.getSpaceStyle"
      }
    },
    {
      "type": "Feature",
      "geometry": {
        "type": "Polygon",
        "coordinates": [
          [
            [
              73.83066446651348,
              18.441630726615628
            ],
            [
              73.8306834214492,
              18.441635213532795
            ],
            [
              73.83068907665819,
              18.44161453957203
            ],
            [
              73.83067030940146,
              18.441609545423326
            ],
            [
              73.83066446651348,
              18.441630726615628
            ]
          ]
        ]
      },
      "properties": {
        "id": "F5-LIFT",
        "displayLabel": "Lift",
        "floorNumber": 5,
        "spaceType": "Lift",
        "role": "vertical-circulation",
        "xMin": 0,
        "yMin": 6.7,
        "xMax": 2.6,
        "yMax": 10.9,
        "widthMeters": 2.6,
        "depthMeters": 4.2,
        "areaApproxSqm": 10.92,
        "elevationMeters": 12.8,
        "heightMeters": 3.2,
        "coordinateSystem": "WGS84",
        "visibleUnit": true,
        "placementMethod": "single-building orthogonal transform",
        "floorPlanSource": "Building C supplied floor-plan blueprint",
        "name": "Lift",
        "label": "Lift",
        "labelText": "Lift",
        "popupTitle": "Lift",
        "tooltip": "Lift",
        "featureClass": "building-circulation",
        "coordinateReference": "WGS84",
        "geometrySource": "Building C supplied floor-plan blueprint",
        "ulpin": "3D-JSPM-NTC-F05-C-BLOCK-F5-LIFT",
        "unitNumber": "F5-LIFT",
        "fillColor": "#06b6d4",
        "renderColor": "#06b6d4",
        "mapFillColor": "#06b6d4",
        "wireColor": "#0e7490",
        "colorClass": "lift",
        "colorSource": "VolumetricViewer.getSpaceStyle",
        "unitGapMeters": 0.2,
        "unitInsetMeters": 0.1,
        "gapRendering": "actual-geometry-inset"
      }
    },
    {
      "type": "Feature",
      "geometry": {
        "type": "Polygon",
        "coordinates": [
          [
            [
              73.8307700283971,
              18.441344659749543
            ],
            [
              73.83084293169001,
              18.441360691629917
            ],
            [
              73.83086371631917,
              18.441288717972352
            ],
            [
              73.83079081302621,
              18.441272686092137
            ],
            [
              73.8307700283971,
              18.441344659749543
            ]
          ]
        ]
      },
      "properties": {
        "id": "F5-STAIRS-C",
        "displayLabel": "Central Stair",
        "floorNumber": 5,
        "spaceType": "Stairs",
        "role": "vertical-circulation",
        "xMin": 29.5,
        "yMin": 8.5,
        "xMax": 37.5,
        "yMax": 17.07,
        "widthMeters": 8,
        "depthMeters": 8.57,
        "areaApproxSqm": 68.56,
        "elevationMeters": 12.8,
        "heightMeters": 3.2,
        "coordinateSystem": "WGS84",
        "visibleUnit": true,
        "placementMethod": "single-building orthogonal transform",
        "floorPlanSource": "Building C supplied floor-plan blueprint",
        "name": "Central Stair",
        "label": "Central Stair",
        "labelText": "Central Stair",
        "popupTitle": "Central Stair",
        "tooltip": "Central Stair",
        "featureClass": "building-circulation",
        "coordinateReference": "WGS84",
        "geometrySource": "Building C supplied floor-plan blueprint",
        "ulpin": "3D-JSPM-NTC-F05-C-BLOCK-F5-STAIRS-C",
        "unitNumber": "F5-STAIRS-C",
        "fillColor": "#f97316",
        "renderColor": "#f97316",
        "mapFillColor": "#f97316",
        "wireColor": "#c2410c",
        "colorClass": "stairs",
        "colorSource": "VolumetricViewer.getSpaceStyle",
        "unitGapMeters": 0.2,
        "unitInsetMeters": 0.1,
        "gapRendering": "actual-geometry-inset"
      }
    },
    {
      "type": "Feature",
      "geometry": {
        "type": "Polygon",
        "coordinates": [
          [
            [
              73.83078320121578,
              18.441026355853435
            ],
            [
              73.83083458787229,
              18.441037656093744
            ],
            [
              73.83084740011284,
              18.440993289470363
            ],
            [
              73.83079601345631,
              18.440981989230146
            ],
            [
              73.83078320121578,
              18.441026355853435
            ]
          ]
        ]
      },
      "properties": {
        "id": "F5-STAIRS-E",
        "displayLabel": "East Stair",
        "floorNumber": 5,
        "spaceType": "Stairs",
        "role": "vertical-circulation",
        "xMin": 62.32,
        "yMin": 0,
        "xMax": 67.32,
        "yMax": 6.1,
        "widthMeters": 5,
        "depthMeters": 6.1,
        "areaApproxSqm": 30.5,
        "elevationMeters": 12.8,
        "heightMeters": 3.2,
        "coordinateSystem": "WGS84",
        "visibleUnit": true,
        "placementMethod": "single-building orthogonal transform",
        "floorPlanSource": "Building C supplied floor-plan blueprint",
        "name": "East Stair",
        "label": "East Stair",
        "labelText": "East Stair",
        "popupTitle": "East Stair",
        "tooltip": "East Stair",
        "featureClass": "building-circulation",
        "coordinateReference": "WGS84",
        "geometrySource": "Building C supplied floor-plan blueprint",
        "ulpin": "3D-JSPM-NTC-F05-C-BLOCK-F5-STAIRS-E",
        "unitNumber": "F5-STAIRS-E",
        "fillColor": "#f97316",
        "renderColor": "#f97316",
        "mapFillColor": "#f97316",
        "wireColor": "#c2410c",
        "colorClass": "stairs",
        "colorSource": "VolumetricViewer.getSpaceStyle",
        "unitGapMeters": 0.2,
        "unitInsetMeters": 0.1,
        "gapRendering": "actual-geometry-inset"
      }
    },
    {
      "type": "Feature",
      "geometry": {
        "type": "Polygon",
        "coordinates": [
          [
            [
              73.83061758814571,
              18.441599845920802
            ],
            [
              73.83066897480263,
              18.4416111461612
            ],
            [
              73.83068178704468,
              18.44156677953261
            ],
            [
              73.83063040038772,
              18.44155547929232
            ],
            [
              73.83061758814571,
              18.441599845920802
            ]
          ]
        ]
      },
      "properties": {
        "id": "F5-STAIRS-W",
        "displayLabel": "West Stair",
        "floorNumber": 5,
        "spaceType": "Stairs",
        "role": "vertical-circulation",
        "xMin": 0,
        "yMin": 0,
        "xMax": 5,
        "yMax": 6.1,
        "widthMeters": 5,
        "depthMeters": 6.1,
        "areaApproxSqm": 30.5,
        "elevationMeters": 12.8,
        "heightMeters": 3.2,
        "coordinateSystem": "WGS84",
        "visibleUnit": true,
        "placementMethod": "single-building orthogonal transform",
        "floorPlanSource": "Building C supplied floor-plan blueprint",
        "name": "West Stair",
        "label": "West Stair",
        "labelText": "West Stair",
        "popupTitle": "West Stair",
        "tooltip": "West Stair",
        "featureClass": "building-circulation",
        "coordinateReference": "WGS84",
        "geometrySource": "Building C supplied floor-plan blueprint",
        "ulpin": "3D-JSPM-NTC-F05-C-BLOCK-F5-STAIRS-W",
        "unitNumber": "F5-STAIRS-W",
        "fillColor": "#f97316",
        "renderColor": "#f97316",
        "mapFillColor": "#f97316",
        "wireColor": "#c2410c",
        "colorClass": "stairs",
        "colorSource": "VolumetricViewer.getSpaceStyle",
        "unitGapMeters": 0.2,
        "unitInsetMeters": 0.1,
        "gapRendering": "actual-geometry-inset"
      }
    },
    {
      "type": "Feature",
      "geometry": {
        "type": "Polygon",
        "coordinates": [
          [
            [
              73.83084893567288,
              18.44099392088931
            ],
            [
              73.8306711573933,
              18.441607057671405
            ],
            [
              73.83069023091882,
              18.441612284551027
            ],
            [
              73.8308680439013,
              18.44099826630396
            ],
            [
              73.83084893567288,
              18.44099392088931
            ]
          ]
        ]
      },
      "properties": {
        "id": "F1-PASSAGE-01",
        "displayLabel": "Main Passage",
        "floorNumber": 1,
        "floorName": "Ground Floor",
        "spaceType": "Passage",
        "role": "circulation",
        "featureClass": "building-passage",
        "roomNumber": null,
        "roomName": "Passage",
        "name": "Ground Floor \u2014 Passage",
        "label": "Ground Floor \u2014 Passage",
        "labelText": "Ground Floor \u2014 Passage",
        "popupTitle": "Ground Floor \u2014 Passage",
        "tooltip": "Ground Floor \u2014 Passage",
        "labelVisible": true,
        "visibleUnit": true,
        "xMin": 73.8306720061799,
        "yMin": 18.440996046199714,
        "xMax": 73.83086702718391,
        "yMax": 18.441613372160298,
        "widthMeters": 0.00019502100401780353,
        "depthMeters": 0.0006173259605830594,
        "areaApproxSqm": 1.2039152863916327e-07,
        "elevationMeters": 0.0,
        "heightMeters": 0.15,
        "extrusionHeightMeters": 0.15,
        "coordinateSystem": "WGS84",
        "placementMethod": "same single-building orthogonal transform as room geometry",
        "floorPlanSource": "Building C supplied floor-plan blueprint",
        "renderColor": "#ffffff",
        "fillColor": "#ffffff",
        "strokeColor": "#0B6E78",
        "fillOpacity": 0.72,
        "isPassageBlock": true,
        "passageDimensionsSource": "central passage band in Building C floor-plan reconstruction (x=0..67.32 m, y=6.1..8.5 m)",
        "labelAnchorWGS84": [
          73.8307695166819,
          18.441304709180006
        ],
        "passageWidthMeters": 2.28,
        "passageLengthMeters": 70.24,
        "notes": "Passage section split at adjoining wall changes so its edges coincide exactly with neighbouring unit geometry.",
        "clearanceFromRoomWallsMeters": 0.2,
        "endClearanceMeters": 0.35,
        "passageSection": 1,
        "alignment": "Exact shared-edge corridor section",
        "coordinateReference": "WGS84",
        "geometrySource": "Building C supplied floor-plan blueprint",
        "ulpin": "3D-JSPM-NTC-F01-C-BLOCK-F1-PASSAGE-01",
        "unitNumber": "F1-PASSAGE-01",
        "mapFillColor": "#ffffff",
        "wireColor": "#94a3b8",
        "colorClass": "passage",
        "colorSource": "VolumetricViewer.getSpaceStyle",
        "unitGapMeters": 0.2,
        "unitInsetMeters": 0.1,
        "gapRendering": "actual-geometry-inset"
      }
    },
    {
      "type": "Feature",
      "geometry": {
        "type": "Polygon",
        "coordinates": [
          [
            [
              73.83084913431615,
              18.44099392156074
            ],
            [
              73.83067055515502,
              18.44160673129569
            ],
            [
              73.83068982622197,
              18.441612371646304
            ],
            [
              73.83086838719485,
              18.440998322218707
            ],
            [
              73.83084913431615,
              18.44099392156074
            ]
          ]
        ]
      },
      "properties": {
        "id": "F2-PASSAGE-01",
        "displayLabel": "Main Passage",
        "floorNumber": 2,
        "floorName": "First Floor",
        "spaceType": "Passage",
        "role": "circulation",
        "featureClass": "building-passage",
        "roomNumber": null,
        "roomName": "Passage",
        "name": "First Floor \u2014 Passage",
        "label": "First Floor \u2014 Passage",
        "labelText": "First Floor \u2014 Passage",
        "popupTitle": "First Floor \u2014 Passage",
        "tooltip": "First Floor \u2014 Passage",
        "labelVisible": true,
        "visibleUnit": true,
        "xMin": 73.8306720061799,
        "yMin": 18.440996046199714,
        "xMax": 73.83086702718391,
        "yMax": 18.441613372160298,
        "widthMeters": 0.00019502100401780353,
        "depthMeters": 0.0006173259605830594,
        "areaApproxSqm": 1.2039152863916327e-07,
        "elevationMeters": 3.2,
        "heightMeters": 0.15,
        "extrusionHeightMeters": 0.15,
        "coordinateSystem": "WGS84",
        "placementMethod": "same single-building orthogonal transform as room geometry",
        "floorPlanSource": "Building C supplied floor-plan blueprint",
        "renderColor": "#ffffff",
        "fillColor": "#ffffff",
        "strokeColor": "#0B6E78",
        "fillOpacity": 0.72,
        "isPassageBlock": true,
        "passageDimensionsSource": "central passage band in Building C floor-plan reconstruction (x=0..67.32 m, y=6.1..8.5 m)",
        "labelAnchorWGS84": [
          73.8307695166819,
          18.441304709180006
        ],
        "passageWidthMeters": 2.28,
        "passageLengthMeters": 70.24,
        "notes": "Passage section split at adjoining wall changes so its edges coincide exactly with neighbouring unit geometry.",
        "clearanceFromRoomWallsMeters": 0.2,
        "endClearanceMeters": 0.35,
        "passageSection": 1,
        "alignment": "Exact shared-edge corridor section",
        "coordinateReference": "WGS84",
        "geometrySource": "Building C supplied floor-plan blueprint",
        "ulpin": "3D-JSPM-NTC-F02-C-BLOCK-F2-PASSAGE-01",
        "unitNumber": "F2-PASSAGE-01",
        "mapFillColor": "#ffffff",
        "wireColor": "#94a3b8",
        "colorClass": "passage",
        "colorSource": "VolumetricViewer.getSpaceStyle",
        "unitGapMeters": 0.2,
        "unitInsetMeters": 0.1,
        "gapRendering": "actual-geometry-inset"
      }
    },
    {
      "type": "Feature",
      "geometry": {
        "type": "Polygon",
        "coordinates": [
          [
            [
              73.83084883390592,
              18.440993825761794
            ],
            [
              73.83067072668456,
              18.441607160014183
            ],
            [
              73.83069023428413,
              18.441613237010763
            ],
            [
              73.8308684891199,
              18.440998418101493
            ],
            [
              73.83084883390592,
              18.440993825761794
            ]
          ]
        ]
      },
      "properties": {
        "id": "F3-PASSAGE-01",
        "displayLabel": "Main Passage",
        "floorNumber": 3,
        "floorName": "Second Floor",
        "spaceType": "Passage",
        "role": "circulation",
        "featureClass": "building-passage",
        "roomNumber": null,
        "roomName": "Passage",
        "name": "Second Floor \u2014 Passage",
        "label": "Second Floor \u2014 Passage",
        "labelText": "Second Floor \u2014 Passage",
        "popupTitle": "Second Floor \u2014 Passage",
        "tooltip": "Second Floor \u2014 Passage",
        "labelVisible": true,
        "visibleUnit": true,
        "xMin": 73.8306720061799,
        "yMin": 18.440996046199714,
        "xMax": 73.83086702718391,
        "yMax": 18.441613372160298,
        "widthMeters": 0.00019502100401780353,
        "depthMeters": 0.0006173259605830594,
        "areaApproxSqm": 1.2039152863916327e-07,
        "elevationMeters": 6.4,
        "heightMeters": 0.15,
        "extrusionHeightMeters": 0.15,
        "coordinateSystem": "WGS84",
        "placementMethod": "same single-building orthogonal transform as room geometry",
        "floorPlanSource": "Building C supplied floor-plan blueprint",
        "renderColor": "#ffffff",
        "fillColor": "#ffffff",
        "strokeColor": "#0B6E78",
        "fillOpacity": 0.72,
        "isPassageBlock": true,
        "passageDimensionsSource": "central passage band in Building C floor-plan reconstruction (x=0..67.32 m, y=6.1..8.5 m)",
        "labelAnchorWGS84": [
          73.8307695166819,
          18.441304709180006
        ],
        "passageWidthMeters": 2.28,
        "passageLengthMeters": 70.24,
        "notes": "Passage section split at adjoining wall changes so its edges coincide exactly with neighbouring unit geometry.",
        "clearanceFromRoomWallsMeters": 0.2,
        "endClearanceMeters": 0.35,
        "passageSection": 1,
        "alignment": "Exact shared-edge corridor section",
        "coordinateReference": "WGS84",
        "geometrySource": "Building C supplied floor-plan blueprint",
        "ulpin": "3D-JSPM-NTC-F03-C-BLOCK-F3-PASSAGE-01",
        "unitNumber": "F3-PASSAGE-01",
        "mapFillColor": "#ffffff",
        "wireColor": "#94a3b8",
        "colorClass": "passage",
        "colorSource": "VolumetricViewer.getSpaceStyle",
        "unitGapMeters": 0.2,
        "unitInsetMeters": 0.1,
        "gapRendering": "actual-geometry-inset"
      }
    },
    {
      "type": "Feature",
      "geometry": {
        "type": "Polygon",
        "coordinates": [
          [
            [
              73.83084906961241,
              18.440993794744585
            ],
            [
              73.83067099543428,
              18.44160703640368
            ],
            [
              73.83069048110418,
              18.441612918870106
            ],
            [
              73.83086822355698,
              18.440998193736622
            ],
            [
              73.83084906961241,
              18.440993794744585
            ]
          ]
        ]
      },
      "properties": {
        "id": "F4-PASSAGE-01",
        "displayLabel": "Main Passage",
        "floorNumber": 4,
        "floorName": "Third Floor",
        "spaceType": "Passage",
        "role": "circulation",
        "featureClass": "building-passage",
        "roomNumber": null,
        "roomName": "Passage",
        "name": "Third Floor \u2014 Passage",
        "label": "Third Floor \u2014 Passage",
        "labelText": "Third Floor \u2014 Passage",
        "popupTitle": "Third Floor \u2014 Passage",
        "tooltip": "Third Floor \u2014 Passage",
        "labelVisible": true,
        "visibleUnit": true,
        "xMin": 73.8306720061799,
        "yMin": 18.440996046199714,
        "xMax": 73.83086702718391,
        "yMax": 18.441613372160298,
        "widthMeters": 0.00019502100401780353,
        "depthMeters": 0.0006173259605830594,
        "areaApproxSqm": 1.2039152863916327e-07,
        "elevationMeters": 9.6,
        "heightMeters": 0.15,
        "extrusionHeightMeters": 0.15,
        "coordinateSystem": "WGS84",
        "placementMethod": "same single-building orthogonal transform as room geometry",
        "floorPlanSource": "Building C supplied floor-plan blueprint",
        "renderColor": "#ffffff",
        "fillColor": "#ffffff",
        "strokeColor": "#0B6E78",
        "fillOpacity": 0.72,
        "isPassageBlock": true,
        "passageDimensionsSource": "central passage band in Building C floor-plan reconstruction (x=0..67.32 m, y=6.1..8.5 m)",
        "labelAnchorWGS84": [
          73.8307695166819,
          18.441304709180006
        ],
        "passageWidthMeters": 2.28,
        "passageLengthMeters": 70.24,
        "notes": "Passage section split at adjoining wall changes so its edges coincide exactly with neighbouring unit geometry.",
        "clearanceFromRoomWallsMeters": 0.2,
        "endClearanceMeters": 0.35,
        "passageSection": 1,
        "alignment": "Exact shared-edge corridor section",
        "coordinateReference": "WGS84",
        "geometrySource": "Building C supplied floor-plan blueprint",
        "ulpin": "3D-JSPM-NTC-F04-C-BLOCK-F4-PASSAGE-01",
        "unitNumber": "F4-PASSAGE-01",
        "mapFillColor": "#ffffff",
        "wireColor": "#94a3b8",
        "colorClass": "passage",
        "colorSource": "VolumetricViewer.getSpaceStyle",
        "unitGapMeters": 0.2,
        "unitInsetMeters": 0.1,
        "gapRendering": "actual-geometry-inset"
      }
    },
    {
      "type": "Feature",
      "geometry": {
        "type": "Polygon",
        "coordinates": [
          [
            [
              73.83084902958826,
              18.44099374387884
            ],
            [
              73.83067152869445,
              18.44160742748419
            ],
            [
              73.83068930294532,
              18.44161225843445
            ],
            [
              73.83086799351014,
              18.440998599375714
            ],
            [
              73.83084902958826,
              18.44099374387884
            ]
          ]
        ]
      },
      "properties": {
        "id": "F5-PASSAGE-01",
        "displayLabel": "Main Passage",
        "floorNumber": 5,
        "floorName": "Fourth Floor",
        "spaceType": "Passage",
        "role": "circulation",
        "featureClass": "building-passage",
        "roomNumber": null,
        "roomName": "Passage",
        "name": "Fourth Floor \u2014 Passage",
        "label": "Fourth Floor \u2014 Passage",
        "labelText": "Fourth Floor \u2014 Passage",
        "popupTitle": "Fourth Floor \u2014 Passage",
        "tooltip": "Fourth Floor \u2014 Passage",
        "labelVisible": true,
        "visibleUnit": true,
        "xMin": 73.8306720061799,
        "yMin": 18.440996046199714,
        "xMax": 73.83086702718391,
        "yMax": 18.441613372160298,
        "widthMeters": 0.00019502100401780353,
        "depthMeters": 0.0006173259605830594,
        "areaApproxSqm": 1.2039152863916327e-07,
        "elevationMeters": 12.8,
        "heightMeters": 0.15,
        "extrusionHeightMeters": 0.15,
        "coordinateSystem": "WGS84",
        "placementMethod": "same single-building orthogonal transform as room geometry",
        "floorPlanSource": "Building C supplied floor-plan blueprint",
        "renderColor": "#ffffff",
        "fillColor": "#ffffff",
        "strokeColor": "#0B6E78",
        "fillOpacity": 0.72,
        "isPassageBlock": true,
        "passageDimensionsSource": "central passage band in Building C floor-plan reconstruction (x=0..67.32 m, y=6.1..8.5 m)",
        "labelAnchorWGS84": [
          73.8307695166819,
          18.441304709180006
        ],
        "passageWidthMeters": 2.28,
        "passageLengthMeters": 70.24,
        "notes": "Passage section split at adjoining wall changes so its edges coincide exactly with neighbouring unit geometry.",
        "clearanceFromRoomWallsMeters": 0.2,
        "endClearanceMeters": 0.35,
        "passageSection": 1,
        "alignment": "Exact shared-edge corridor section",
        "coordinateReference": "WGS84",
        "geometrySource": "Building C supplied floor-plan blueprint",
        "ulpin": "3D-JSPM-NTC-F05-C-BLOCK-F5-PASSAGE-01",
        "unitNumber": "F5-PASSAGE-01",
        "mapFillColor": "#ffffff",
        "wireColor": "#94a3b8",
        "colorClass": "passage",
        "colorSource": "VolumetricViewer.getSpaceStyle",
        "unitGapMeters": 0.2,
        "unitInsetMeters": 0.1,
        "gapRendering": "actual-geometry-inset"
      }
    }
  ],
  "bbox": [
    73.83061647481304,
    18.440980974088998,
    73.83094407518695,
    18.44163695674991
  ],
  "rendering": {
    "unitGapMeters": 0.2,
    "unitGapMethod": "inset-unit-footprints",
    "unitGapAppliesTo": "features where properties.role == 'unit'",
    "unitGapPreservesElevation": true
  },
  "metadata": {
    "source": "final_C.geojson",
    "viewerCompatibility": "JSPM_NTC / VolumetricViewer schema-compatible",
    "colorSource": "VolumetricViewer.getSpaceStyle",
    "unitGapMeters": 0.2,
    "unitInsetMeters": 0.1,
    "gapRendering": "actual-geometry-inset",
    "note": "Colors were assigned from spaceType/unitNumber using the supplied VolumetricViewer rules; unitNumber was added because the working JSPM file exposes it. Geometry was inset by 0.10 m per unit in metric coordinates."
  }
}